@stefaniiepmc|[,]|Tue Nov 16 05:06:47 +0000 2021|No mms terminÃ© sin dinero, sin un arete, sin dignidad (se sabe) y perdÃ­ la sudadera del Pablo jajajjaja
@jordanalexisc|[,]|Tue Nov 16 05:14:09 +0000 2021|59th WBC annual convention ğŸ¥Š ğŸ‡²ğŸ‡½  @iandrade_arw https://t.co/HwHeJkkUyJ
@angelCerv5|[,]|Tue Nov 16 05:15:53 +0000 2021|Hay personas que saben abrazarte a kilÃ³metros.â£ï¸ https://t.co/gau8Bxbckl
@MichelTransOfi|[,]|Tue Nov 16 05:15:56 +0000 2021|@Nanopay_Mx Nunca puedo solicitarla, segÃºn me dicen que me enviaran cÃ³digo a mi correo y nunca llega
@Imstewar1|[,]|Tue Nov 16 05:18:59 +0000 2021|Bendecido mÃ¡s allÃ¡ de las palabras ğŸ™ğŸ½
@anitaee73|[,]|Tue Nov 16 05:20:06 +0000 2021|@CECILLIA36 @wadelacruz @ivetteae AsÃ­ https://t.co/Ajd8QGPh0S
@MichTelloBco|[,]|Tue Nov 16 05:20:40 +0000 2021|@Saritaagmz JAJAJAJA
@vlmirlo|[,]|Tue Nov 16 05:21:21 +0000 2021|@karlaramr Jajajajaja te quedaste jajajaja ğŸ‘ï¸ğŸ‘„ğŸ‘ï¸
@anitaee73|[,]|Tue Nov 16 05:23:42 +0000 2021|@wadelacruz @CECILLIA36 AhÃ­ estÃ¡ el final ni me habÃ­a fijado se recorto solo https://t.co/y5EHR1zTKW
@ngel3x1|[,]|Tue Nov 16 05:24:15 +0000 2021|@JiyermeGaF Provecho ğŸ˜‹
@carlosjuarez22|[,]|Tue Nov 16 05:25:13 +0000 2021|@Carmenliliacrv da resultados al vacunar a los primeros niÃ±os en suelo mexicano.  #Tamaulipas hace historia;â€¦ https://t.co/zPv8mJrN7h
@anitaee73|[,]|Tue Nov 16 05:25:28 +0000 2021|@wadelacruz @CECILLIA36 Siiii pero yo ni enterada
@anitaee73|[,]|Tue Nov 16 05:25:58 +0000 2021|@wadelacruz @CECILLIA36 Siii ese es el final
@Alexia_Serna|[,]|Tue Nov 16 05:26:03 +0000 2021|@OscarIvanRomero ğŸ˜‚
@anitaee73|[,]|Tue Nov 16 05:26:12 +0000 2021|@wadelacruz @CECILLIA36 Hace el betÃºn y lo pone arriba y ya
@anitaee73|[,]|Tue Nov 16 05:27:27 +0000 2021|@wadelacruz @CECILLIA36 https://t.co/gHH8FoIPFu
@anitaee73|[,]|Tue Nov 16 05:27:39 +0000 2021|@wadelacruz @CECILLIA36 Noo ğŸ¤£ğŸ¤£
@anitaee73|[,]|Tue Nov 16 05:29:34 +0000 2021|@wadelacruz @CECILLIA36 *Aceite, La leche y los huevos
@gamezviktor|[,]|Tue Nov 16 05:32:17 +0000 2021|@PacoGabriel_5 Con ganarle 3 veces a MÃ©xico este aÃ±o para ellos es suficiente
@LUISMIGUELSOAV|[,]|Tue Nov 16 05:33:57 +0000 2021|Cada vez que me corto el cabello , me siento poderoso ğŸ˜
@NicoleTre13|[,]|Tue Nov 16 05:34:06 +0000 2021|â—Se Viene Rifaâ—BebÃ©s saben que me gusta consentirlos con los mejores premios asÃ­ como tambiÃ©n los que han tenido elâ€¦ https://t.co/JrrWA2U4ra
@BarbiiGlam|[,]|Tue Nov 16 05:36:22 +0000 2021|Si un hombre no sabe lo que quiere va andar siempre de mujer en mujer por mas estable,suficiente,independiente guapâ€¦ https://t.co/B9WwtoVXDb
@ngel3x1|[,]|Tue Nov 16 05:36:50 +0000 2021|@rafa_kaxio Pues no las conocÃ­a, soy nuevo en Ã©so, y pues no las podrÃ­a en prÃ¡ctica....
@anitaee73|[,]|Tue Nov 16 05:39:38 +0000 2021|@rocioglzm YeiiiiğŸ‘ğŸ»ğŸ˜ƒ
@anitaee73|[,]|Tue Nov 16 05:40:30 +0000 2021|@wadelacruz @CECILLIA36 Y mil cosas mÃ¡s que nos ayuda
@JULIOBETA|[,]|Tue Nov 16 05:43:20 +0000 2021|@aguilartaffy ğŸ˜‚ğŸ˜‚ğŸ˜‚ğŸ˜‚ğŸ˜‚
@andersonmmusic|[,]|Tue Nov 16 05:44:13 +0000 2021|Spirit revitalized ğŸ˜‡ https://t.co/mITMrD9epq
@JULIOBETA|[,]|Tue Nov 16 05:44:31 +0000 2021|@_LAR0WE_ @r_barcenas Listo âœ…
@Tampi_Vero|[,]|Tue Nov 16 05:45:00 +0000 2021|https://t.co/tPQCuMzMJv
@Tampi_Vero|[,]|Tue Nov 16 05:45:00 +0000 2021|https://t.co/wUKOfCg0Bj
@Tampi_Vero|[,]|Tue Nov 16 05:45:00 +0000 2021|https://t.co/g6gcWpigDk
@anitaee73|[,]|Tue Nov 16 05:46:41 +0000 2021|@wadelacruz @CECILLIA36 @rocioglzm Siii https://t.co/CfoxhO4KB5
@MatiasBloin|[,]|Tue Nov 16 05:49:12 +0000 2021|DefiniciÃ³n de karma
@anitaee73|[,]|Tue Nov 16 05:51:35 +0000 2021|@Alwaystennis2 Jajajaja
@lalojaibo|[22.233442, -97.848496]|Tue Nov 16 05:53:39 +0000 2021|ğŸ’¯ Lunes festivo ğŸš´ğŸ»â€â™‚ï¸ğŸš´ğŸ»â€â™€ï¸ğŸš´ğŸ»â€â™‚ï¸ en Tampico, Tamaulipas https://t.co/a28LTnUryO
@KLEYD0|[,]|Tue Nov 16 05:54:02 +0000 2021|El cafÃ© me hizo daÃ±o... ğŸ¥º
@JimmyAnaya_P|[,]|Tue Nov 16 05:54:57 +0000 2021|Me encanta que seas fuerte, independiente y que busques siempre salir, porque a pesar de las dificultades y de lasâ€¦ https://t.co/LcDscUeTFy
@CarlosR27863687|[,]|Tue Nov 16 05:55:42 +0000 2021|Alguna pareja disponible para ahorita...
@nicolas_lawyer|[,]|Tue Nov 16 05:55:59 +0000 2021|No existe Gallosia.  El GalloSia: https://t.co/mHEHNYnpOH
@CarlosR27863687|[,]|Tue Nov 16 06:02:17 +0000 2021|@pasionlibretam Gracias amigos...
@CarlosR27863687|[,]|Tue Nov 16 06:02:56 +0000 2021|@Dennis__27 Gracias por el dato ğŸ¤­ğŸ¤­ğŸ¤­
@AnaKarenvm2|[,]|Tue Nov 16 06:03:15 +0000 2021|@cassmmerino Maldita sea, soy de las que pide aguağŸ¥² jajaja es que neta luego la sal de las palomas da mucha sed y sâ€¦ https://t.co/AwWI2MAPBL
@patriciocabezut|[22.21586166, -97.85571416]|Tue Nov 16 06:05:03 +0000 2021|AsÃ­ o mÃ¡s rico #barbacoa Tortas y tacos Sabino #tampico @visit_tampico #escuis en Tampico Centro, Tampico https://t.co/BT7pi8Rp06
@ferrosorio|[,]|Tue Nov 16 06:05:30 +0000 2021|@nidyapalestina @elbienagusto Volcanes x2
@nohemielias96|[,]|Tue Nov 16 06:05:33 +0000 2021|ğŸ¤© https://t.co/FBztkz2HL5
@RafaelViolante2|[22.2646494, -97.78603256]|Tue Nov 16 06:06:38 +0000 2021|Playa Miramarâ€¦ en Playa Miramar https://t.co/QcL77kwC85
@vlmirlo|[,]|Tue Nov 16 06:11:19 +0000 2021|NomÃ¡s a la Karla ğŸ¥°ğŸ§¡
@vlmirlo|[,]|Tue Nov 16 06:12:34 +0000 2021|Soy pobre porque quiero.... Alchule ya estuviera vendiendo mis nudes en onlyfans ğŸ¥´ğŸ‘ï¸ğŸ‘„ğŸ‘ï¸
@brissachavezc|[,]|Tue Nov 16 06:13:22 +0000 2021|Y aunque pasen aÃ±os yo a ti te extraÃ±oğŸ˜”
@CarlosR27863687|[,]|Tue Nov 16 06:16:11 +0000 2021|@RodrigoCruzAng2 Quien??
@Grettagj|[,]|Tue Nov 16 06:21:22 +0000 2021|@camilarmz97 QuÃ© chidoooooğŸ¥ºğŸ’–ğŸ’–
