@TitoMaan_4|[,]|Tue Nov 16 14:28:00 +0000 2021|Olv cierrenle al conge! GGG Nocheto si me mama el fr√≠o...
@feetlover21|[,]|Tue Nov 16 14:28:19 +0000 2021|@PZ_X_PZ Nice!
@doblejdoblej|[,]|Tue Nov 16 14:28:20 +0000 2021|ü§°
@caballeroarenas|[,]|Tue Nov 16 14:28:23 +0000 2021|@ElOsoRafa Me enamora usted üòç
@MacinManuel|[,]|Tue Nov 16 14:28:29 +0000 2021|F1 2022
@lucyrv_moon|[,]|Tue Nov 16 14:28:36 +0000 2021|Cuernavaca me extra√±a ü•∞‚ú® https://t.co/pspp5cOAm4
@racostval1|[,]|Tue Nov 16 14:28:38 +0000 2021|@VILLALVAZO13 eso de la vacuna de los 15 a 17, se nota muy sospechoso. Son posibles votos dentro de tres a√±os, por‚Ä¶ https://t.co/eBfuflx25T
@soypsicopositiv|[,]|Tue Nov 16 14:29:04 +0000 2021|Bueno si. Tw si genera üí∞üí∞üí∞ pero hay que vender la cuerpa ‚Ä¶  Ese es el pedo, que yo no tengo la cuerpa ü§£
@doblejdoblej|[,]|Tue Nov 16 14:29:09 +0000 2021|Est√°n lloviendo ping√ºinos. üêß https://t.co/MlTHgEIUQy
@Everest_Pedrero|[,]|Tue Nov 16 14:29:36 +0000 2021|Buenos d√≠as amikas ‚úåüèª
@JosePerezOrdua2|[,]|Tue Nov 16 14:29:43 +0000 2021|@barenca @Arouet_V Ojal√° solamente fuera autoritario, es mucho peor en muchos aspectos muy importantes que nos est√°‚Ä¶ https://t.co/12Y99upw5H
@Everest_Pedrero|[,]|Tue Nov 16 14:30:14 +0000 2021|@Anton15x üòò
@warroektpkbb|[,]|Tue Nov 16 14:30:22 +0000 2021|Alg√∫n culo? Me late bombear duro RT üîÑ si vas a querer
@TROLELLO|[,]|Tue Nov 16 14:30:27 +0000 2021|@Acce0770 @GobCDMX Desgraciadamente solamente para residentes de la Ciudad de M√©xico.
@plcs82|[,]|Tue Nov 16 14:30:33 +0000 2021|@luis_gj Muchas felicidades doctor üéâ
@enjusa|[,]|Tue Nov 16 14:30:34 +0000 2021|#HermosasMujeres https://t.co/QAv5gGRF5D
@Everest_Pedrero|[,]|Tue Nov 16 14:30:35 +0000 2021|@yoyaque Jajajajaja chismoso, pasa la receta de ese abdomen de impacto üòä
@RicardoSerna87|[19.4326, -99.1332]|Tue Nov 16 14:30:36 +0000 2021|Lev√°ntate y corre; ese marat√≥n no se correr√° solo #ridersrunning #loverunsmile desayunamos? en Mexico City, Mexico https://t.co/5UdIlWNwd6
@Ese_Tal_GuSs|[,]|Tue Nov 16 14:31:09 +0000 2021|La persona que no te responde, ya te contesto...
@Everest_Pedrero|[,]|Tue Nov 16 14:31:14 +0000 2021|@Michelangeloub ¬øY eso d√≥nde fue?
@PJesucristoRed|[19.55564308, -99.20876188]|Tue Nov 16 14:31:15 +0000 2021|Acaba de publicar una foto en Parroquia Jesucristo Redentor  Capilla Virgen de Guadalupe https://t.co/085cpTR7Af
@Mitzurichelo|[,]|Tue Nov 16 14:31:16 +0000 2021|Buenos dias https://t.co/W2Zg31tE29
@atonishingx27|[,]|Tue Nov 16 14:31:40 +0000 2021|¬øTe vienes adentro? üí¶ ‚û°Ô∏è https://t.co/lEGXgVI5Pd üî• https://t.co/okfcA13pnS
@Jorgelopez_df|[,]|Tue Nov 16 14:31:41 +0000 2021|Super promoci√≥n de doterra... En la compra de uno recibe el otro gratis, te interesa contactame https://t.co/mPdNRxv8oh
@enjusa|[,]|Tue Nov 16 14:31:42 +0000 2021|#HumorNegro #Golosas https://t.co/taDPTqRFx7
@feetlover21|[,]|Tue Nov 16 14:31:44 +0000 2021|üòúüôÉ Versi√≥n XXX
@Jorgelopez_df|[,]|Tue Nov 16 14:31:59 +0000 2021|Super promoci√≥n de doterra... En la compra de uno recibe el otro gratis, te interesa contactame https://t.co/npqnQxytjk
@pablozarco|[,]|Tue Nov 16 14:31:59 +0000 2021|@klahuz Buenos d√≠as!!‚òï
@Everest_Pedrero|[,]|Tue Nov 16 14:32:02 +0000 2021|@leinrockuptible Jajajaja no mames, no se parece a Madonna
@Jorgelopez_df|[,]|Tue Nov 16 14:32:20 +0000 2021|Super promoci√≥n de doterra... En la compra de uno recibe el otro gratis, te interesa contactame https://t.co/B8PlCVdHFJ
@Rosario76992133|[,]|Tue Nov 16 14:32:24 +0000 2021|@MiguelF21294615 @Cristi_perez19 üëèexacto, la clave de un mundo mejor siempre ser√° SERES HUMANOS CONSCIENTES Y RESPONSABLESü§úü§õ
@MutatitaDiaz|[,]|Tue Nov 16 14:32:29 +0000 2021|üòï
@Jorgelopez_df|[,]|Tue Nov 16 14:32:42 +0000 2021|Super promoci√≥n de doterra... En la compra de uno recibe el otro gratis, te interesa contactame https://t.co/A8zDbKB7CA
@Everest_Pedrero|[,]|Tue Nov 16 14:32:43 +0000 2021|@vick7803 A m√≠ me duro 2 semanas Jajajaja
@BenjaminVargasF|[,]|Tue Nov 16 14:32:45 +0000 2021|Error en la versi√≥n de WSserver es 2004
@Jorgelopez_df|[,]|Tue Nov 16 14:32:55 +0000 2021|Super promoci√≥n de doterra... En la compra de uno recibe el otro gratis, te interesa contactame https://t.co/mubMB83NiR
@Everest_Pedrero|[,]|Tue Nov 16 14:32:56 +0000 2021|@Blowjhow Ay√± s√≠
@layito23|[,]|Tue Nov 16 14:33:00 +0000 2021|@carla_ponti Lindo d√≠a Carlita hermosa Ten un excelente martes Abrazo c√°lido
@felaraymond|[,]|Tue Nov 16 14:33:00 +0000 2021|@comaian Sheesh
@DocMau30|[,]|Tue Nov 16 14:33:01 +0000 2021|@Rey_Fifi L√≥pez #AMLOBurlaMundial
@Everest_Pedrero|[,]|Tue Nov 16 14:33:11 +0000 2021|@medina764 Jajajajaja
@enjusa|[,]|Tue Nov 16 14:33:19 +0000 2021|#Charlataner√≠as #EsaMamada https://t.co/JeBv7Hff1u
@perseo1234|[,]|Tue Nov 16 14:33:34 +0000 2021|Queeee riqu√≠simooooo üî•üî•üî•üî•üî•üî•üî•üòãüòãüòãüòãüòãüòã
@Everest_Pedrero|[,]|Tue Nov 16 14:33:46 +0000 2021|@leinrockuptible As√≠ quisiera me despertar√°n o me dieran buenas noches
@psqivonne|[,]|Tue Nov 16 14:33:47 +0000 2021|Ya empec√© mi d√≠a con dos s√∫per casos: trastorno de la conducta alimentaria y trastorno bipolar üòçüòçüòçüòç #ComandoPsycho
@angi97_ruiz|[,]|Tue Nov 16 14:34:11 +0000 2021|Me encanta esta serie, buen d√≠a https://t.co/0BPfZr5vy5
@MutatitaDiaz|[,]|Tue Nov 16 14:34:13 +0000 2021|ü§£
@efrainerosa7|[,]|Tue Nov 16 14:34:17 +0000 2021|@gaetdesign @macariomx @patgoled Ni es, ni se hace, solo est√° conciente que la revocaci√≥n de mandato es una farsa,‚Ä¶ https://t.co/mMAq0PGB3d
@Omar_Castrejon|[,]|Tue Nov 16 14:34:28 +0000 2021|Buenos d√≠as, saludos desde Quer√©taro que tengas tengas un  #FelizMartes y nos vaya muy bien a todos. #PresumeAQro https://t.co/NjLzvqNfSz
@JessGuerreroVe1|[,]|Tue Nov 16 14:34:40 +0000 2021|Buenos d√≠as: Siempre sucede as√≠ https://t.co/QGmfI73iIG
@Karloz_G_K_|[,]|Tue Nov 16 15:37:40 +0000 2021|El d√≠a de hoy lo reciben los traidores de la patria como a todo lo que odia un rock Star  #4TDestruyeAM√©xico https://t.co/OqGqC7qaYF
@cobra6187|[19.43338, -99.1411]|Tue Nov 16 15:38:04 +0000 2021|Acaba de publicar una foto en Cobra Kai Store. https://t.co/Z0tyvUdb0v
@WhateverAANNAA|[,]|Tue Nov 16 15:38:06 +0000 2021|Que tanto estoy dispuesta a aguantar?
@EduvigesMartne1|[,]|Tue Nov 16 15:38:11 +0000 2021|https://t.co/9lpJDpAtSM
@LaloChacon|[,]|Tue Nov 16 15:38:20 +0000 2021|@ironpapi912 Se nota que tienes fr√≠o Bro üòÜüëçüèª
@VieraAvendano|[,]|Tue Nov 16 15:38:29 +0000 2021|Denunciamos la aprobaci√≥n del PEF 2022 ya que trajo consigo la privaci√≥n de obras entre otros servicios!‚Ä¶ https://t.co/KYuTg1vs0w
@FransGuarneros|[,]|Tue Nov 16 15:38:35 +0000 2021|@ApriilMH Awww que buena onda china, eres la reata!!! üòéü•∏‚ù§Ô∏è‚ù§Ô∏è
@azayanez|[,]|Tue Nov 16 15:38:38 +0000 2021|A qu√© hora se acaba el tr√°fico en este feo lugar üòñ
@cobra6187|[19.43338, -99.1411]|Tue Nov 16 15:38:39 +0000 2021|Acaba de publicar una foto en Cobra Kai Store. https://t.co/6L1pZ0eCJC
@Karloz_G_K_|[,]|Tue Nov 16 15:38:47 +0000 2021|Como en los viejos tiempos en d√≥nde se adoraba al buey de oro creyendo que era el Todopoderoso #4TDestruyeAM√©xico https://t.co/IX6JvTRNIW
@WhateverAANNAA|[,]|Tue Nov 16 15:38:55 +0000 2021|La nets.. quisiera morir.... imag√≠nate que paz y que tranquilidad ya no saber nada. Mi √∫nico miedo es que la vida siga despu√©s de esta
@hepatologo_RCO|[,]|Tue Nov 16 15:39:03 +0000 2021|@Fosfolamban @niklaus2009 No es solo opini√≥n; es lo que marcan las gu√≠as que se debe hacer cuando el paciente no de‚Ä¶ https://t.co/ieu8yWuZE9
@guillermo_ga|[,]|Tue Nov 16 15:39:08 +0000 2021|@JuveNtUC23 No mamar, viva M√©xico üòÇüòÇ
@wilo_8|[,]|Tue Nov 16 15:39:08 +0000 2021|@Ferdebolsillo https://t.co/dQLHk4Xl96
@LaloChacon|[,]|Tue Nov 16 15:39:16 +0000 2021|@rocioglzm En teor√≠a no deber√≠a de haber contagios
@Karloz_G_K_|[,]|Tue Nov 16 15:39:21 +0000 2021|Divide y vencer√°s se escuchar√≠a mejor este slogan de la #4T #4TDestruyeAM√©xico https://t.co/jz4UiXIO6t
@VieraAvendano|[,]|Tue Nov 16 15:39:25 +0000 2021|El PEF 2022 aprobado por el gobierno morenista vuelve a privar de obras p√∫blicas y servicios!  #4TDestruyeAM√©xico https://t.co/w770LnXA3c
@Charls483|[,]|Tue Nov 16 15:39:28 +0000 2021|Lo peor, esta persona es gay de closet, ni siquiera los heteros del trabajo tienen esas formas tan horribles
@cobra6187|[19.43338, -99.1411]|Tue Nov 16 15:39:33 +0000 2021|Acaba de publicar una foto en Cobra Kai Store. https://t.co/uN0QNLybbe
@LaloChacon|[,]|Tue Nov 16 15:39:53 +0000 2021|@ivetteae Completamente de acuerdo
@BernardiniPedro|[,]|Tue Nov 16 15:39:55 +0000 2021|@LittleB42773936 @dr_seminnis @BetoORourke Beto = TRASH.
@Karloz_G_K_|[,]|Tue Nov 16 15:40:01 +0000 2021|Los caprichos del macuspano salen m√°s caros cada d√≠a que pasa este fat√≠dico gobierno de 5ta #4TDestruyeAM√©xico https://t.co/D3ZvAeni53
@RamnGmeCas|[,]|Tue Nov 16 15:40:07 +0000 2021|La #4TDestruyeAM√©xico  al dejar sin obra publica al pueblo que mantiene al gobierno y se burla de √©l llamando a fes‚Ä¶ https://t.co/UcKwG4F8iU
@cobra6187|[19.43338, -99.1411]|Tue Nov 16 15:40:11 +0000 2021|Acaba de publicar una foto en Cobra Kai Store. https://t.co/nRY1Fy7RFS
@EllannieMovie|[,]|Tue Nov 16 15:40:14 +0000 2021|@cuandoerapavo ¬ø31 a√±os? Que rueden la c√©dulas üë©‚Äçü¶≥üßë‚Äçü¶≥
@Erick13712197|[,]|Tue Nov 16 15:40:20 +0000 2021|@NiicoPradaA Jaajjaja estaba inspirado q ni me di cuenta ajjaj
@DJdeLapTop|[,]|Tue Nov 16 15:40:22 +0000 2021|No pos... Ya vali madres! üò≥
@LaloChacon|[,]|Tue Nov 16 15:40:24 +0000 2021|@Lifeisgoodkb Andas en Miami???
@Rolando_DRz|[19.4323364, -99.13782231]|Tue Nov 16 15:40:39 +0000 2021|Acaba de publicar una foto en Av. 16 De Septiembre, Col. Centro https://t.co/4hwnHRYp5q
@LaloChacon|[,]|Tue Nov 16 15:40:44 +0000 2021|@33Damm Con todo üí™üèªüòâ
@MallardArturo|[,]|Tue Nov 16 15:40:50 +0000 2021|@DavidAmoyal ü§¢ü§Æ
@cobra6187|[19.43338, -99.1411]|Tue Nov 16 15:41:12 +0000 2021|Acaba de publicar una foto en Cobra Kai Store. https://t.co/H7CWj05OdG
@Paola342083721|[,]|Tue Nov 16 15:41:27 +0000 2021|üòçü¶Ñü¶Ñüòàüòã
@Karloz_G_K_|[,]|Tue Nov 16 15:41:45 +0000 2021|Una cumbre a d√≥nde son fue a detonar su ignorancia de sabelotodo y no saber nada a la vez as√≠ es nuestro presidenti‚Ä¶ https://t.co/y7NFjQ992A
@CescRodriguezCh|[,]|Tue Nov 16 15:41:55 +0000 2021|#4TDestruyeAM√©xico  4T es de fantas√≠a, Morena solo est√° transformando a M√©xico en un pa√≠s m√°s pobre, m√°s inseguro,‚Ä¶ https://t.co/4ylSucEGsL
@cobra6187|[19.43338, -99.1411]|Tue Nov 16 15:41:59 +0000 2021|Acaba de publicar una foto en Cobra Kai Store. https://t.co/7V476hyqvt
@BernardiniPedro|[,]|Tue Nov 16 15:42:00 +0000 2021|@1stColonel @RobbyUT_2006 Sad/futile to even try to reason with them‚Ä¶ü§¶üèΩ‚Äç‚ôÇÔ∏è
@Juanmagleez|[,]|Tue Nov 16 15:42:05 +0000 2021|@FreestyleRap_2 @aka_fraser @redbullbatalla @sweetpain9 https://t.co/KEuqgt5iPc
@Francis38061090|[,]|Tue Nov 16 15:42:15 +0000 2021|@Carmiin_ Tu fundillote jajajaja
@ExperiaRed|[,]|Tue Nov 16 15:42:18 +0000 2021|@OmarBan65809248 @CulazosVip Sabroso CULOTE
@Enrique_RubiMo|[,]|Tue Nov 16 15:42:20 +0000 2021|Que casualidad que ahora si, pobre de ti üòÇüòÇüòÇ
@Ezequiel_gomedi|[,]|Tue Nov 16 15:42:21 +0000 2021|#4TDestruyeAM√©xico Sin presupuesto para obras, ¬ø que pasar√°  con los ciudadanos? https://t.co/p9zS7xjbXY
@LauraGnzalez1|[,]|Tue Nov 16 15:42:26 +0000 2021|@soloadultos10 Yo quierooo üçâüíã
@veneegas5|[,]|Tue Nov 16 15:42:26 +0000 2021|Ya por fin dijeron cuando es el partido? üòë o a√∫n no
@hpedraza_|[,]|Tue Nov 16 15:42:30 +0000 2021|https://t.co/cVxbCM4ko8
@cobra6187|[19.43338, -99.1411]|Tue Nov 16 15:42:38 +0000 2021|Acaba de publicar una foto en Cobra Kai Store. https://t.co/MUJdsELQDS
@Algernon369|[,]|Tue Nov 16 15:42:43 +0000 2021|@JacobJLG666 https://t.co/WRRqgLoOzW
@MaricarmenNava|[,]|Tue Nov 16 15:42:52 +0000 2021|Auditor√≠a social Contrataciones abiertas Apertura fiscal Participaci√≥n ciudadana Apertura institucional Justicia ab‚Ä¶ https://t.co/fgcB9acQnL
@PhenoMVP|[,]|Tue Nov 16 15:42:59 +0000 2021|@BrandonThornNFL Yep he‚Äôs been really really bad
@DON_ALBERTO6664|[,]|Tue Nov 16 15:43:06 +0000 2021|@_AlohaMd Excelente d√≠a!
@LetyFalcon|[,]|Tue Nov 16 15:43:09 +0000 2021|@IsidroAvila Generaci√≥n X con esp√≠ritu de Z
@cobra6187|[19.43338, -99.1411]|Tue Nov 16 15:43:22 +0000 2021|Acaba de publicar una foto en Cobra Kai Store. https://t.co/oFlXUz0Q91
@christo_vongola|[,]|Tue Nov 16 15:43:40 +0000 2021|@Le_Coquelicot_ üòî
@VieraAvendano|[,]|Tue Nov 16 15:43:47 +0000 2021|Por la aprobaci√≥n del PEF y la falta de humanidad del gobierno morenista hacia el pueblo, y que al final generar√° m‚Ä¶ https://t.co/arxEI9CjPv
@iamdiidii|[,]|Tue Nov 16 15:44:03 +0000 2021|Taylor me hizo volver a odiar al ex que me dej√≥ llorando en mi cumple.
@cobra6187|[19.43338, -99.1411]|Tue Nov 16 15:44:05 +0000 2021|Acaba de publicar una foto en Cobra Kai Store. https://t.co/FVYqF1RpbE
@AraceliRdzGa|[,]|Tue Nov 16 15:44:16 +0000 2021|ü§îü§î
@MaricarmenNava|[,]|Tue Nov 16 15:44:16 +0000 2021|@Salvador_CPCAGS Muchas gracias estimado Comisionado Salvador :-)
@iamdiidii|[,]|Tue Nov 16 15:44:21 +0000 2021|No cierto. Pero si cierto
@SandyOmm333|[,]|Tue Nov 16 15:44:31 +0000 2021|‚ÄúAntes de diagnosticarte con depresi√≥n o baja autoestima, aseg√∫rate de no estar rodeado de idiotas.‚Äù Sigmund Freud
@CescRodriguezCh|[,]|Tue Nov 16 15:44:32 +0000 2021|#4TDestruyeAM√©xico @coneval report√≥ que la poblaci√≥n en situaci√≥n de pobreza aument√≥ de 41.9 % (51.9 millones de pe‚Ä¶ https://t.co/jPpP2r2Zhh
@cobra6187|[19.43338, -99.1411]|Tue Nov 16 15:44:45 +0000 2021|Acaba de publicar una foto en Cobra Kai Store. https://t.co/SoGiX0CF7D
@OlivaresSulem|[,]|Tue Nov 16 15:44:49 +0000 2021|@emartineeez Que ching√≥n , muchas felicidades hermoso , yo se que se vender√°n todas üòçü•∞üòòü•≥ü•≥ü•≥
@morarivas7|[,]|Tue Nov 16 15:44:52 +0000 2021|@Uber_MEX @DiDi_Mexico ya estamos en sem√°foro verde con la mayor√≠a de los adultos vacunados, no pueden activar los‚Ä¶ https://t.co/jyDFDtWWq2
@VieraAvendano|[,]|Tue Nov 16 15:44:54 +0000 2021|Por la aprobaci√≥n del PEF y la falta de humanidad del gobierno morenista y que por su mal manejo, lo √∫nico que ocas‚Ä¶ https://t.co/tIMaXvTZbn
@SandyOmm333|[,]|Tue Nov 16 15:44:55 +0000 2021|Si soy https://t.co/D2sT8i5Ob8
@polenclau|[,]|Tue Nov 16 15:44:57 +0000 2021|https://t.co/Ah8mCESMTG
@BernabVelascoP1|[,]|Tue Nov 16 15:45:00 +0000 2021|#4TDestruyeAM√©xico
@LetyFalcon|[,]|Tue Nov 16 15:45:05 +0000 2021|Atenci√≥n a #LagunaVerde  üö®üö®üö®üö®üö®
@yasminchristie_|[,]|Tue Nov 16 15:45:13 +0000 2021|Bom dia meu povo .. üåû
@cobra6187|[19.43338, -99.1411]|Tue Nov 16 15:45:21 +0000 2021|Acaba de publicar una foto en Cobra Kai Store. https://t.co/lZavDruxnx
@OlivaresSulem|[,]|Tue Nov 16 15:45:48 +0000 2021|@emartineeez Dios que guapo eres no puedo dejar de verte , que me hiciste ? Jajaja yo contigo borro todo para estar juntos ü§£üòãüòçü•∞üòçü•∞üòçü•¥ü•¥ü•¥
@VieraAvendano|[,]|Tue Nov 16 15:45:49 +0000 2021|El gobierno de L√≥pez obrador solo a vendido a ocasionar m√°s pobreza en nuestro pa√≠s  #4TDestruyeAM√©xico https://t.co/myVH9VRaY6
@cobra6187|[19.43338, -99.1411]|Tue Nov 16 15:46:05 +0000 2021|Acaba de publicar una foto en Cobra Kai Store. https://t.co/W64y5AwDpN
@EduvigesMartne1|[,]|Tue Nov 16 15:46:07 +0000 2021|https://t.co/MMGoXiDjvq
@ryanchio|[19.68231235, -98.85027207]|Tue Nov 16 15:46:21 +0000 2021|I'm at Tehotihuacan https://t.co/aOaZk1FWCy
@Ezequiel_gomedi|[,]|Tue Nov 16 15:46:21 +0000 2021|#4TDestruyeAM√©xico  Con los recortes presupuestales, no se pueden mantener los servicios que necesitan los ciudadan‚Ä¶ https://t.co/LQV74gew1x
@VieraAvendano|[,]|Tue Nov 16 15:46:24 +0000 2021|Gracias a la aprobaci√≥n del PEF se crear√°n m√°s impuestos y generar√° m√°s desigualdad y pobreza entre los mexicanos.‚Ä¶ https://t.co/X89qtHjZCb
@RanchoNativoMx|[19.4326, -99.1332]|Tue Nov 16 15:46:34 +0000 2021|L√≠quido elaborado con huesos y tejidos conectivos de pollo gourmet libre pastoreo, por 12 horas de cocci√≥n lenta.‚Ä¶ https://t.co/BagMmde14Q
@ryanchio|[19.69235964, -98.84366691]|Tue Nov 16 15:46:35 +0000 2021|I'm at Pir√°mide del Sol in Teotihuac√°n de Arista, MEX https://t.co/o14Fzy4GZf
@dehomex|[,]|Tue Nov 16 15:46:42 +0000 2021|Tomate un tiempo practicando #nude #yoga #acaentrehombres para alentar y mejorar la salud y #sexualidad masculinaüòÉ‚Ä¶ https://t.co/PbDjm9Evc0
@RamnGmeCas|[,]|Tue Nov 16 15:46:53 +0000 2021|La #4TDestruyeAM√©xico, es un gobierno antipopular, al no asignar una vez m√°s recursos en 2022 para la construcci√≥n‚Ä¶ https://t.co/j1KFk4peZ7
@JosLuisAcevesG3|[,]|Tue Nov 16 15:46:58 +0000 2021|@SoyKarlaWine Buenos d√≠as
@Santos88293752|[,]|Tue Nov 16 15:47:21 +0000 2021|@silpao003 Que guapa saludos excelente d√≠a se√±orita
@camil0408|[,]|Tue Nov 16 15:47:25 +0000 2021|üòç
@ositosinaloense|[,]|Tue Nov 16 15:47:28 +0000 2021|Despensa de la belleza del #BuenFin https://t.co/3ydzXyan8t
@VieraAvendano|[,]|Tue Nov 16 15:47:29 +0000 2021|El PEF solo crear√° m√°s impuestos y generar√° m√°s desigualdad y pobreza #4TDestruyeAM√©xico https://t.co/GDKJDrunHE
@cobra6187|[19.43338, -99.1411]|Tue Nov 16 15:47:30 +0000 2021|Crow Hogan Token (TK03-JP014).  Cuervo: ‚ÄúVendavales oscurecidos, ¬°revela deseos ocultos en tus alas!  ¬°Vuela, Drag√≥‚Ä¶ https://t.co/9eNZDfNKlP
@yeyo_78|[,]|Tue Nov 16 15:47:53 +0000 2021|@Shantirelaxspa Excelente d√≠a saludos
@BernabVelascoP1|[,]|Tue Nov 16 15:47:59 +0000 2021|Un a√±o m√°s sin infraestructura para las escuelas . Desde hace 3 a√±os Morena dice que primero los pobres, pero los e‚Ä¶ https://t.co/WbQhFSGgQr
@fernandouvm1985|[,]|Tue Nov 16 15:48:01 +0000 2021|@MinimalTrader_ Pues ve llenando tu forma
@cobra6187|[19.43338, -99.1411]|Tue Nov 16 15:48:03 +0000 2021|Acaba de publicar una foto en Cobra Kai Store. https://t.co/uZH5CMVfAR
@JosePerezOrdua2|[,]|Tue Nov 16 15:48:18 +0000 2021|@Arouet_V @ArturoErdely Buenos d√≠as Marco, te sigo con gusto,creo en la libertad de la diversidad de  pensamiento,‚Ä¶ https://t.co/CsxXY7XV5I
@HepatolBermudez|[,]|Tue Nov 16 15:48:21 +0000 2021|Gran Presentaci√≥n:              S√≠ndrome hepatorrenal y AKI por el Dr @CastilloMauri üá≤üáΩ#SENAGA2021 #LiverTwitter https://t.co/fqHLpYuvbG
@fernandouvm1985|[,]|Tue Nov 16 15:48:27 +0000 2021|@CriptoInvestor_ @MinimalTrader_ Y sino pon otra en 40k
@Ezequiel_gomedi|[,]|Tue Nov 16 15:48:35 +0000 2021|Otro recorte al presupuesto. #4TDestruyeAM√©xico  Cada a√±o hay menos dinero para obras y servicios https://t.co/ADGah3nVN4
@Alberto_Woody1|[,]|Tue Nov 16 15:48:35 +0000 2021|Shingo de fr√≠o ü•∂
@cobra6187|[19.43338, -99.1411]|Tue Nov 16 15:48:37 +0000 2021|Luna/Luca Token (TK03-JP016).  Luna / Luka: ‚Äú¬°La luz sagrada de protecci√≥n, ahora cruza y convi√©rtete en vida etern‚Ä¶ https://t.co/GhA4ZHCNCr
@cuazza|[,]|Tue Nov 16 15:48:39 +0000 2021|Ya sigue el bloque #CoronaCapital? Qu√© tal The Nowhere Inn de @st_vincent en #PoderosoMeCalienta?
@ExaArq|[,]|Tue Nov 16 15:48:43 +0000 2021|@anakes_angel Y eso que no has pasado por la Roma/Condesa, hay un estudio que aprovecho y est√° haciendo la mayor√≠a de los Parklets. üò±
@JosLuisAcevesG3|[,]|Tue Nov 16 15:48:44 +0000 2021|@jrch1878 Buenos d√≠as
@roberto10rocha|[,]|Tue Nov 16 15:48:51 +0000 2021|Mal !! Muy mal la @OnefaOficial @LigaMayorMX por que si hubo p√∫blico en el @BurrosBlancos vs @pumascufba y NO con‚Ä¶ https://t.co/FqllgoHWNo
@VieraAvendano|[,]|Tue Nov 16 15:49:03 +0000 2021|Denunciamos la falta de solidaridad del gobierno morenista, ya que solo est√° causando m√°s pobreza #4TDestruyeAM√©xico https://t.co/0eIGhyTIxs
@Aucio|[,]|Tue Nov 16 15:49:04 +0000 2021|@ArturoDammArnal Este c√±or  terminar√° diciendo que la mejor democracia es la de Atenas de Pericles, solo votar√°n ho‚Ä¶ https://t.co/91odd7kSjl
@cobra6187|[19.43338, -99.1411]|Tue Nov 16 15:49:13 +0000 2021|Acaba de publicar una foto en Cobra Kai Store. https://t.co/4Dmiz0WRSU
@CescRodriguezCh|[,]|Tue Nov 16 15:49:15 +0000 2021|#4TDestruyeAM√©xico | Los programas sociales estrella del gobierno que tanto presume, como el dar dinero en tarjetas‚Ä¶ https://t.co/2K9S0CsH3S
@Ricardo84612095|[,]|Tue Nov 16 15:49:21 +0000 2021|@LosKisses Feliz martes hermosa.saludos.
@beresansmont|[,]|Tue Nov 16 15:49:26 +0000 2021|‚úåÔ∏èüòå. Ser√°?  Caf√© con sabor a Lunes. #ZonaGodin https://t.co/9EzXiiXdCf
@BernardiniPedro|[,]|Tue Nov 16 15:49:29 +0000 2021|@1stColonel @RobbyUT_2006 I almost never even try but it‚Äôs hard to understand how they don‚Äôt disappear completely a‚Ä¶ https://t.co/k8oZSDUExf
@cobra6187|[19.43338, -99.1411]|Tue Nov 16 15:49:48 +0000 2021|Acaba de publicar una foto en Cobra Kai Store. https://t.co/7v3LM3078k
@VieraAvendano|[,]|Tue Nov 16 15:50:04 +0000 2021|#4TDestruyeAM√©xico La mala administraci√≥n de @lopezobrador deja al descubierto que no tiene la menor intenci√≥n de a‚Ä¶ https://t.co/YqFixdj0NY
@Ezequiel_gomedi|[,]|Tue Nov 16 15:50:05 +0000 2021|Cuarto a√±o de recorte presupuestal. #4TDestruyeAM√©xico https://t.co/0J0a09gBO2
@Ftima75570380|[,]|Tue Nov 16 15:50:13 +0000 2021|Udjjfnn¬°Echa un vistazo al v√≠deo de DOME MI REGIONüõêüíêü§§üòçü•∫! #TikTok https://t.co/JYNXl5MZc6
@elmaugarcia|[,]|Tue Nov 16 15:50:26 +0000 2021|@paowichis https://t.co/nG4q4XgGbv
@cobra6187|[19.43338, -99.1411]|Tue Nov 16 15:50:27 +0000 2021|Acaba de publicar una foto en Cobra Kai Store. https://t.co/4lg63EWtHB
@VieraAvendano|[,]|Tue Nov 16 15:51:01 +0000 2021|#4TDestruyeAM√©xico  La mala administraci√≥n de @lopezobrador_ deja al descubierto la distribuci√≥n del PEF que genera‚Ä¶ https://t.co/Uq80xosHtq
@diana_ea23|[,]|Tue Nov 16 15:51:04 +0000 2021|Malditos miserables  #IsraeliTerrorists
@JosePerezOrdua2|[,]|Tue Nov 16 15:51:07 +0000 2021|@DonPorfifirio @FedericoArreola Su lugar es en lo m√°s pestilente de la basura, en calidad de relleno sanitario, saludos mi general.
@psqivonne|[,]|Tue Nov 16 15:51:27 +0000 2021|@DeliaPalacios27 Ok, personas
@ArturoT32667222|[,]|Tue Nov 16 15:51:29 +0000 2021|@Sorry_icecream_ Wow... Y eso?
@cobra6187|[19.43338, -99.1411]|Tue Nov 16 15:51:30 +0000 2021|Yuuya Sakaki Token (TK03-JP020).  Yuuya: ‚Äú¬°¬°Damas y caballeros !!  ¬°Est√°s a punto de presenciar un aut√©ntico Duelta‚Ä¶ https://t.co/s6rLCwvbCE
@beckyceci|[,]|Tue Nov 16 15:51:38 +0000 2021|De vuelta a la realidad !! Contenta del tiempo compartido con mis hijos ‚ù§Ô∏èüëè los hijos son prestados ellos tienen su‚Ä¶ https://t.co/81RcORScaX
@alik_van|[,]|Tue Nov 16 15:51:53 +0000 2021|#FelizMartes chic@s. Solo tener un pensamiento peque√±o y real puede modificar el resto de tu d√≠a para algo mejor. https://t.co/5woZZujC97
@atjs25|[,]|Tue Nov 16 15:51:55 +0000 2021|Morning https://t.co/h0QZXaYoe3
@hestrada_96|[,]|Tue Nov 16 15:51:57 +0000 2021|@gabyepstein21 Por qu√© me haces esto
@cobra6187|[19.43338, -99.1411]|Tue Nov 16 15:52:06 +0000 2021|Acaba de publicar una foto en Cobra Kai Store. https://t.co/oWWLSCtPBd
@LuisNoveloDora1|[,]|Tue Nov 16 15:52:07 +0000 2021|@azucenau Las prebendas lo est√°n recibiendo en estos momentos, ya tienen hueso todas las familias parientes nietos‚Ä¶ https://t.co/LMTIgXzBvR
@HectorIv_Rev|[,]|Tue Nov 16 15:52:10 +0000 2021|¬øY si me encuero alcanzare los mil followers antes de que acabe el a√±o? ü§îü§£üòÇ
@Charls483|[,]|Tue Nov 16 15:52:23 +0000 2021|Esas ganas de querer figurar üòÇ
@frannavi|[19.4326, -99.1332]|Tue Nov 16 15:52:38 +0000 2021|#InstaGood  #LoveIt  #GayBoy  #CoolBoy  #Sue√±aBonitoSeCumple en Mexico City, Mexico https://t.co/HHHIT8lldl
@cobra6187|[19.43338, -99.1411]|Tue Nov 16 15:52:49 +0000 2021|Acaba de publicar una foto en Cobra Kai Store. https://t.co/aqXsM4ekYQ
@WikiLuisM|[,]|Tue Nov 16 15:53:22 +0000 2021|Los desafortunados hechos recientes en la colonia Pensil nos deben hacer pensar acerca del mantenimiento de las ins‚Ä¶ https://t.co/9R6guqGx6e
@cobra6187|[19.43338, -99.1411]|Tue Nov 16 15:53:27 +0000 2021|Acaba de publicar una foto en Cobra Kai Store. https://t.co/76BrtEYLwF
@IvnMagnum1|[,]|Tue Nov 16 15:53:29 +0000 2021|Great job of @BangBrosDotCom1 üëäüèºü§òüèº with the wonderful @CamilaPalmerx üçë and @CabrioTommy üçÜ Full content üì∏üëâüèº‚Ä¶ https://t.co/44WIoIhFh4
@CarlosA_HaroS|[,]|Tue Nov 16 15:53:36 +0000 2021|@NanoEspinoza3 Cierto
@VieraAvendano|[,]|Tue Nov 16 15:53:37 +0000 2021|En el PEF 2022 gran ejemplo de que se aumenta el presupuesto para algunos programas sociales, por lo que no hay may‚Ä¶ https://t.co/PGutiX31uD
@Rosario76992133|[,]|Tue Nov 16 15:53:47 +0000 2021|@maguilue ü§úü§õüòÇüòÇüòÇ
@JosePerezOrdua2|[,]|Tue Nov 16 15:53:48 +0000 2021|@JoseCardenas1 A ver si el narcogobierno le hace fiesta y la libera rapidito, perro no come perro.
@AsghardOm|[,]|Tue Nov 16 15:53:57 +0000 2021|@eduardoseyer7 Ayyy nooooo!!!
@itaih_hidalgo|[,]|Tue Nov 16 15:53:57 +0000 2021|Contin√∫a la capacitaci√≥n a las y los facilitadores del @PlanDAI_SNT la Comisionada Presidenta @Myrna_Moncada manife‚Ä¶ https://t.co/jwWPJTcFt9
@Ftima75570380|[,]|Tue Nov 16 15:54:00 +0000 2021|Kkxjxjjc¬°Echa un vistazo al v√≠deo de https://t.co/cRCNxG2ozM.todos.of! #TikTok https://t.co/Jt8WxDObLm
@cobra6187|[19.43338, -99.1411]|Tue Nov 16 15:54:01 +0000 2021|Playmaker Token (TK03-JP024).  Ai: "¬°Aprovecha el viento, Armador de Jugadas!"  Creador de jugadas: "¬°Acceso de tor‚Ä¶ https://t.co/1bFk4UUNjT
@marlendice|[,]|Tue Nov 16 15:54:05 +0000 2021|Y https://t.co/wn6lC6Bl1V
@YesiVelazquez9|[,]|Tue Nov 16 15:54:17 +0000 2021|#4TDestruyeAM√©xico
@smitheone|[,]|Tue Nov 16 15:54:18 +0000 2021|Somnolencia - .STENDAL ü•∞ü•≤
@YoSoyGaliaMx|[,]|Tue Nov 16 15:54:20 +0000 2021|#espacio #planetas #Mexico #CDMX ü§© Y SI... ERA LA FAMOSA #EstacionEspacialInternacional #ISS
@MecosDr|[,]|Tue Nov 16 15:54:21 +0000 2021|Tengo ganas de una relaci√≥n amorosa sincera con un millonario dadivoso!
@DjukaDepor|[,]|Tue Nov 16 15:54:22 +0000 2021|Estos d√≠as hemos podido compartir grandes momentos con un grande,  @danijuanotero!!! Hasta hemos podido cenar en la‚Ä¶ https://t.co/JwmXJiKSOo
@YesiVelazquez9|[,]|Tue Nov 16 15:54:24 +0000 2021|#4TDestruyeAM√©xico al aprobar el PEF 2022, el cual vuelve a privar a los m√°s pobres de los servicios b√°sicos para m‚Ä¶ https://t.co/ZpFOhCAg6a
@cobra6187|[19.43338, -99.1411]|Tue Nov 16 15:54:38 +0000 2021|Acaba de publicar una foto en Cobra Kai Store. https://t.co/IkHoWwCuLl
@M_Mancera1|[,]|Tue Nov 16 21:04:36 +0000 2021|@heribertocode https://t.co/eKnFx2M8RO
@valentinaocelot|[,]|Tue Nov 16 21:04:37 +0000 2021|Hoy estuvimos esperando en oficinas de Ordenamiento de via p√∫blica, 2 horas despu√©s de la cita, nos retiramos sin s‚Ä¶ https://t.co/x9dxK7Y9bS
@AnnaMancera3|[,]|Tue Nov 16 21:04:40 +0000 2021|@_maxparkermusic Elegant and fineüç∑üßêüíú
@HJOELIGLESIAS|[,]|Tue Nov 16 21:04:50 +0000 2021|@mario_dico50 @PartidoMorenaMx Deja de decir mentiras. Que ganas con eso?
@joseliner98|[,]|Tue Nov 16 21:04:52 +0000 2021|Buen d√≠a pra cerrar el z√≥calo de la cdmx y tener manifestaciones ‚òπÔ∏è
@quiquelimonlara|[19.4326, -99.1332]|Tue Nov 16 21:05:03 +0000 2021|Acaba de publicar una foto en Mexico City, Mexico https://t.co/1IBaCan6ry
@jcjazz57|[,]|Tue Nov 16 21:05:10 +0000 2021|Normal ..es USA...
@3phraz|[,]|Tue Nov 16 21:05:28 +0000 2021|@Jennisopsia Jajajajajajaja si lo creo
@joseliner98|[,]|Tue Nov 16 21:05:48 +0000 2021|Soporto ser tan llorona
@yeeiiicoffee2|[,]|Tue Nov 16 21:06:09 +0000 2021|@kelsy_gore üì©üçÜüì©üçÜüì©üçÜ
@jcjazz57|[,]|Tue Nov 16 21:06:11 +0000 2021|@El_Universal_Mx Jajajajsjajajajajahaja los pr√≥ximos a desaparecer...@PRICDMX_
@AylineMonylun22|[,]|Tue Nov 16 21:06:15 +0000 2021|@carlosvigor35 La reserva coraz√≥n aqu√≠ estoy todooos los d√≠as
@yeeiiicoffee2|[,]|Tue Nov 16 21:06:21 +0000 2021|@kelsy_gore ‚ú®‚ù£Ô∏èü•µ‚ù£Ô∏èü•µ
@29Toninho|[,]|Tue Nov 16 21:06:37 +0000 2021|@dianaegzz üëÄüêæ
@HJOELIGLESIAS|[,]|Tue Nov 16 21:06:38 +0000 2021|@irmoralesl Si, ya tenemos 3 a√±os en suspenso. Y puras promesas.
@dandrestruction|[,]|Tue Nov 16 21:06:41 +0000 2021|Que cagado que el Pal Norte le haya quitado la corona al Vive Latino de ser un evento de foco de infecci√≥n xd
@yeeiiicoffee2|[,]|Tue Nov 16 21:06:49 +0000 2021|@kelsy_gore Jeje vieras que me pongo pero bien inchadooo jeje https://t.co/YoJJIOx6KO
@ALMITAZUQUITA|[,]|Tue Nov 16 21:06:50 +0000 2021|@Chedrauioficial Estoy en la sucursal y solo est√°n en uso 5 o 6 cajas de que sirve 26 cajas si no le dan uso...
@jcjazz57|[,]|Tue Nov 16 21:06:50 +0000 2021|@OmarCarreonAbud @lopezobrador_ Ya somos Venezuela...jajajajaja
@yancolozano|[,]|Tue Nov 16 21:06:53 +0000 2021|El d√≠a de hoy antes de entrar al Congreso, firme el apoyo a la Consulta Ciudadana para la #Revocaci√≥nDeMandatoüó≥, po‚Ä¶ https://t.co/SOJvzJ7j7a
@Cristina_Coach|[,]|Tue Nov 16 21:06:55 +0000 2021|@joelhenry25 @Mex_Liber1 @PMigoya @INEMexico https://t.co/DT8pmSwHfu
@29Toninho|[,]|Tue Nov 16 21:07:06 +0000 2021|@BustamanteNLMX @dianaegzz @nuevoleonmio @ConociendoMTY @Economia_NL @IgualdadNL @MujeresNL @mochileromexico‚Ä¶ https://t.co/QiX0W4cvaL
@Francis18101406|[,]|Tue Nov 16 21:07:23 +0000 2021|@AndreaChavezTre @lopezobrador_ Pobre chaira!
@leonardo_vomend|[19.40934198, -99.1710849]|Tue Nov 16 21:07:33 +0000 2021|La condesa @ Circuito Amsterdam Condesa https://t.co/UrH8RSYCzv
@CarlitosChicles|[,]|Tue Nov 16 21:07:33 +0000 2021|@MarioVictorino Son chelas patrocinadas por la empresa explotadora a la cual estas esclavizado. ü§∑üèΩ‚Äç‚ôÇÔ∏è
@quiqueuvalle|[,]|Tue Nov 16 21:07:40 +0000 2021|Holaaa ‚úåüèª https://t.co/gFXE1Rdf88
@sarigab_|[,]|Tue Nov 16 21:07:42 +0000 2021|Qu√© bonito se ve Val'Quirico con lucesitas de navidadü•∫‚ú®‚òÉÔ∏èüåüüéÑ quiero irrr
@dandrestruction|[,]|Tue Nov 16 21:08:00 +0000 2021|Sonr√≠e la pelota, a amontonar medios defensivos
@29Toninho|[,]|Tue Nov 16 21:08:00 +0000 2021|@dianaegzz Trompudos d√≠as?üëÄüêΩüëÄüêæü§≠
@veneegas5|[,]|Tue Nov 16 21:08:09 +0000 2021|Pinche semana dlv en el Fantasy. No importa cuando diga esto.
@loraconejo|[19.43632626, -99.15423185]|Tue Nov 16 21:08:43 +0000 2021|Gana el que no se deja por vencido. üñ§ en Monumento a la Revoluci√≥n https://t.co/VjbLCXTj4M
@mutante05|[,]|Tue Nov 16 21:09:28 +0000 2021|@callodehacha Mejor muertos
@silvan_amberg|[,]|Tue Nov 16 21:09:36 +0000 2021|@amadedotch Was ja based ist üòåüëå
@itzcarranza|[,]|Tue Nov 16 21:09:41 +0000 2021|Yo viendo la valoraci√≥n de MI del paciente con ERC estadio V, a quien le dieron un ASA I. https://t.co/krsxpwPZEt
@ALMITAZUQUITA|[,]|Tue Nov 16 21:09:47 +0000 2021|@Chedrauioficial Por favor las filas ya son inmensas, que falta de respeto a mi tiempo, salgo a comer con tiempo ju‚Ä¶ https://t.co/QZkz8t8jPt
@Padawanmx|[,]|Tue Nov 16 21:09:49 +0000 2021|@maxdt The Who fue muy eclipsada por Stones y Beatles. Tienen obras maestras pero pocos las conocen porque se cierr‚Ä¶ https://t.co/W7AUnbNVcX
@Viptorr|[,]|Tue Nov 16 21:10:14 +0000 2021|@7Verdad @DUCDMX @Congreso_CdMex @ComReconCCMX @SerapazMexico @Frente_Libertad @CDHVitoria Ya basta de Tanta corrup‚Ä¶ https://t.co/tPpaCUWLdM
@BICIDENTESMX|[,]|Tue Nov 16 21:10:27 +0000 2021|@JuanJx001 @VigimoviCDMX No quitar√°n las bases solo deben liberar la ciclov√≠a. Actual√≠zate
@Viptorr|[,]|Tue Nov 16 21:11:20 +0000 2021|Tanto dinero destinado para los damnificados y a 4 a√±os no pueden resolver el problema, que no nos quieran ver la c‚Ä¶ https://t.co/o2EEmFM05t
@fasosamaldonado|[,]|Tue Nov 16 21:11:27 +0000 2021|Sarmiento Rabo Verde Le gustan las 15 a√±eras o 20 a√±eras Depravado como Gabriel Cuadri
@Ellntenso|[,]|Tue Nov 16 21:11:40 +0000 2021|¬øC√≥mo qu√© dur√≥ mucho el martes no? Ya me quiero ir a mi casa...
@itzcarranza|[,]|Tue Nov 16 21:11:41 +0000 2021|Hoy una adscrita me record√≥ lo maravilloso de mi especialidad y eso me hizo reafirmar que estoy en el lugar correcto y perfecto para m√≠ ‚ù§Ô∏èüíû
@harunonell10|[,]|Tue Nov 16 21:11:44 +0000 2021|@bubu_bus Ooooohhh XD shit I will haha
@Cristina_Coach|[,]|Tue Nov 16 21:11:51 +0000 2021|@NosotrxsMX @eldiadespuesmx @FondoSemillas @ISBeauvoir @anmots @EliRomanoZ @UNDemocracyFund @JavierSolorzano‚Ä¶ https://t.co/vRN0puo9kL
@Padawanmx|[,]|Tue Nov 16 21:11:57 +0000 2021|+1
@yayoibowery|[,]|Tue Nov 16 21:12:00 +0000 2021|@thehuntyyb @instagram Jajajaja jajajaja jajajaja
@Francis18101406|[,]|Tue Nov 16 21:12:14 +0000 2021|@CiroMurayamaINE @INEMexico Perd√≥n consejero, uds y yo sabemos quien miente, enga√±a, difama y divide a todos los me‚Ä¶ https://t.co/WwTXUDIf3b
@im_fercr|[,]|Tue Nov 16 21:12:15 +0000 2021|@HBOMaxLA Cuando adquirimos el servicio no ven√≠a est√° chingadera incluida.
@iThMedina|[,]|Tue Nov 16 21:13:00 +0000 2021|@BernieSSBU @Noya541 Que peo Bernie si le vas a entrar?
@iThMedina|[,]|Tue Nov 16 21:13:19 +0000 2021|@Daky_SSBU10 @Noya541 Si le vas a entrar Daky?
@gtzervin|[19.4326, -99.1332]|Tue Nov 16 21:13:53 +0000 2021|#cdmxüá≤üáΩ en Mexico City, Mexico https://t.co/pqSYBPt0Gj
@iThMedina|[,]|Tue Nov 16 21:14:07 +0000 2021|@BernieSSBU @Noya541 Va we es que podemos c√≥mo hasta las 4 nam√°s, te awantamos
@Cristina_Coach|[,]|Tue Nov 16 21:14:25 +0000 2021|@ALBERTOOSEGUERA No, llev√© el formato poder  simple que ellos proporcionan  Es un asunto de ignorancia
@CelesteDgo|[,]|Tue Nov 16 21:15:14 +0000 2021|Lista para participar en el Foro Prevenci√≥n de la Diabetes, organizado por la Comisi√≥n de Salud de la C√°mara de Dip‚Ä¶ https://t.co/xq8TbZbECC
@Cristina_Coach|[,]|Tue Nov 16 21:15:21 +0000 2021|@ALBERTOOSEGUERA Contra la fe a su culto no hay prueba que valgan
@salecita27|[,]|Tue Nov 16 21:15:32 +0000 2021|@la_de_rh @ElChuyTexTex Si vas a trabajo social en la cl√≠nica te hacen una constancia de tiempo y pues eso avala qu‚Ä¶ https://t.co/HftttOU7Bc
@IamCarlosARM|[,]|Tue Nov 16 21:15:58 +0000 2021|15:15
@mynameisdark42|[,]|Tue Nov 16 21:16:12 +0000 2021|The peruvian familia" üáµüá™ @jcc_27 @antorsaldana @beatlesforeva te amamos @hughsaan üíñ https://t.co/o9o8VdsFpY
@jdjesusgarcia|[,]|Tue Nov 16 21:16:41 +0000 2021|Osea que si me falt√≥ una?
@kikedominguezn|[,]|Tue Nov 16 21:16:46 +0000 2021|Gran entrevista de @c4jimenez a #omargarciaharfush esto y m√°s , solo en #C4enAlerta #canal6 @multimediostv
@LuciadeRivero15|[,]|Tue Nov 16 21:16:50 +0000 2021|A m√≠ no me importa si vuelas o no Pero estoy seguro que tarde o temprano me dar√°s tu amor Pues cuando me acerco, oi‚Ä¶ https://t.co/cVUhS4hcqO
@SVIIsol|[,]|Tue Nov 16 21:17:01 +0000 2021|@MrPonchs @PortillogMayra Que te importa a ti metiche, bloque de inmediato mascotas como tu
@Cristina_Coach|[,]|Tue Nov 16 21:17:04 +0000 2021|Y seguro es algoritmo no se lo aplicaron con Pe√±a üòÇüòÜ
@iThMedina|[,]|Tue Nov 16 21:17:05 +0000 2021|@BernieSSBU @Noya541 Vale we c: nos avisas si no la armamos ma√±ana
@flacco_lalo|[,]|Tue Nov 16 21:17:10 +0000 2021|Est√°n re chulas estas g√ºeritas ü•∞üòÆ‚Äçüí®  #MeEnamore üíã‚ô•Ô∏è
@Erik_Delgado7|[,]|Tue Nov 16 21:17:11 +0000 2021|@Transito_Vtlane bajopuente de gustavo baz antes de Mario colin frente a casanova y sobre lateral autos estacionado‚Ä¶ https://t.co/xfMsFjn1wm
@iThMedina|[,]|Tue Nov 16 21:17:22 +0000 2021|@Daky_SSBU10 @Noya541 Vale, si gustas nos mandas mensajito
@mimoso_auriazul|[,]|Tue Nov 16 21:17:39 +0000 2021|Hace un chingo de fr√≠o en el mercado jajajajajajaja
@fasosamaldonado|[,]|Tue Nov 16 21:17:52 +0000 2021|Puro P√°jaro Nalgon  El P√°jaro pol√≠tico De Juan Pardinas  Del Reforma Ardidos por falta de Chayote
@lcorreaj18|[,]|Tue Nov 16 21:18:16 +0000 2021|Harta de las materias clasistas del Tecü§¢
@elmaugarcia|[,]|Tue Nov 16 21:18:21 +0000 2021|@Miranda_CDMX No las tengo üêï, apareces en mi TL por tus tuits depresivos.
@ale_bttm_hot|[,]|Tue Nov 16 21:18:21 +0000 2021|@slavco37 Es grande la cdmx! Jajaja
@JosLuisAcevesG3|[,]|Tue Nov 16 21:18:27 +0000 2021|@FlaquitayMario Hermoso cuerpo de la flaquita buenas tardes pareja bonita
@AylineMonylun22|[,]|Tue Nov 16 21:19:06 +0000 2021|@carlosvigor35 Manda dm
@Camarillo3004|[,]|Tue Nov 16 21:19:12 +0000 2021|@roussellroy @SimpsonitoMX Cierto  Las dem√°s temporadas son mierda!!!  Se ten√≠a que decir y lo dije!!!
@DiputadosPTLXV|[,]|Tue Nov 16 21:19:18 +0000 2021|üì∞ #Comunicado || Durante la reuni√≥n de diputadas y diputados federales con el Presidente @lopezobrador_, el #GPPT r‚Ä¶ https://t.co/8b9DROpLuh
@kikedominguezn|[,]|Tue Nov 16 21:19:25 +0000 2021|Disfruta la hora m√°s divertida de las tardes con los mejores concursos en #ADIVIGANA   Ahora de LUNES A VIERNES  a‚Ä¶ https://t.co/ohPizf8twV
@ProducLOSPLEBES|[20.078507, -98.73806]|Tue Nov 16 21:19:47 +0000 2021|Agenda oficial y actualizada de @ranchoeljazminal_ agenda llena para las #BestiasEndemonidas y para los‚Ä¶ https://t.co/Z7zwZzkVEA
@DiegoEscarraman|[,]|Tue Nov 16 21:19:50 +0000 2021|@JuanTejedaG23 @vm_aventho https://t.co/8FX3SGlW8w
@lucyrv_moon|[,]|Tue Nov 16 21:20:15 +0000 2021|Maldito P
@ebonalesb|[,]|Tue Nov 16 21:20:23 +0000 2021|@XXL @ysmammri California Love, I was 6 and I was in the car with my sister, I remember I couldn't stop shaking mi head üòÇ
@IngAbrahamMosh|[,]|Tue Nov 16 21:20:31 +0000 2021|Memaso! @LeonEconomista https://t.co/v1q0VgKL2u
@Emma22El|[,]|Tue Nov 16 21:20:44 +0000 2021|@GERAeMeCe Ya te rusheaste al chambritas o lo compraste?
@DiegoEscarraman|[,]|Tue Nov 16 21:21:10 +0000 2021|@JuanTejedaG23 @vm_aventho https://t.co/oSRjpmCF7v
@sweetchavacano|[,]|Tue Nov 16 21:21:14 +0000 2021|@idletown3 @raycontrerasr entre m√°s reprimidos m√°s frikis
@EstefanaRodrgu9|[,]|Tue Nov 16 21:21:17 +0000 2021|En M√©xico üá≤üáΩ tiene 471 animales y plantas, catalogados como especies en peligro de extinci√≥n. Si no actuamos hoy, m‚Ä¶ https://t.co/P4zXCIrQXZ
@kearetzyC|[,]|Tue Nov 16 21:21:24 +0000 2021|Aun sigo en el DF aprovechen a comerse a esta rica flaquita .!ü§§üí∞üî•üçë ‚Ä¢Me dej√≥ chupar mi culo y todo ,tambi√©n me encan‚Ä¶ https://t.co/9ascOnnoHx
@MarioRa52669314|[,]|Tue Nov 16 21:21:29 +0000 2021|Buenas tardes, si pudieran apoyar, por favor. En este parque, ubicado en Ecatepec, c√≥digo postal 55040, muy cerca d‚Ä¶ https://t.co/xZDlTFOBwe
@MecosDr|[,]|Tue Nov 16 21:21:34 +0000 2021|@99315561 Yo solo 3 de grasa y subir de m√∫sculo
@HugoLopezZamora|[,]|Tue Nov 16 21:22:00 +0000 2021|@MaxKaiser75 @LaListanews Afuera de Palacio Nacional...
@JaimeRicardoG10|[,]|Tue Nov 16 21:22:01 +0000 2021|@MarkoCortes @AccionNacional @MaruCampos_G @MauVila @makugo @diegosinhue @CarlosJoaquin @AispuroDurango @CeciliaPatronL ü§£ü§£ü§£ü§£ü§£ü§£ü§£
@cleteroaraya|[19.4326, -99.1332]|Tue Nov 16 21:22:22 +0000 2021|Acaba de publicar una foto en Mexico City, Mexico https://t.co/ABncucADBI
@Sinner_xxx|[,]|Tue Nov 16 21:22:23 +0000 2021|@SwAtizapan Ujule apenas v√≠ su mensaje, espero tener oportunidad de conocerles pronto.
@AGNOJUL|[,]|Tue Nov 16 21:22:33 +0000 2021|@AutosyMas NSX
@btta_alex|[,]|Tue Nov 16 21:22:35 +0000 2021|Yo ya firm√©, y decido decir "s√≠" a la Ratificaci√≥n de mandato de nuestro Presidente de la Rep√∫blica @lopezobrador_‚Ä¶ https://t.co/tu4g2q2Reo
@HugoLopezZamora|[,]|Tue Nov 16 21:23:03 +0000 2021|@MaxKaiser75 @LaListanews Esto sucede en palacio nacional... https://t.co/c3ZThb1jtG
@MarioRa52669314|[,]|Tue Nov 16 21:23:09 +0000 2021|Adem√°s de da√±ar el parque p√∫blico en el que se encuentran. @CACEcatepec @PCB_Ecatepec @pciviledomex @Edomex‚Ä¶ https://t.co/7MFLWJpgTw
@Sinner_xxx|[,]|Tue Nov 16 21:23:15 +0000 2021|@dulcerave Oh s√≠ s√≠ si, yo encantado de tener esa bendita oportunidad.
@sweetchavacano|[,]|Tue Nov 16 21:23:26 +0000 2021|@elpincheguevara @Chikoelektriko @anakes_angel build that wall
@MecosDr|[,]|Tue Nov 16 21:23:38 +0000 2021|@LouisVuitton @TWNGhesquiere I must be there !
@GamersGNG|[19.64841933, -98.99443219]|Tue Nov 16 21:24:03 +0000 2021|A... Mamonsito estrenando lentes üî•üî•üî• @ Shean Tv https://t.co/R1LdrY6ISg
@bunnyserpentina|[,]|Tue Nov 16 21:24:15 +0000 2021|@essex_so Ojal√° haya video de reconciliaci√≥n       üçëüëàüèª
@DiegoEscarraman|[,]|Tue Nov 16 21:24:38 +0000 2021|@JuanTejedaG23 @vm_aventho https://t.co/jZxf05UgnJ
@Francis18101406|[,]|Tue Nov 16 21:24:57 +0000 2021|@Excelsior Se√±ores de Exelsior, m pueden explicar la diferencia entre derrame cerebral y hemorragia cerebral?
@sweetchavacano|[,]|Tue Nov 16 21:24:59 +0000 2021|Se me awit√≥ el chile
@ositosinaloense|[,]|Tue Nov 16 21:25:10 +0000 2021|Amo el fr√≠o y traigo mis patitas heladas
@yayoibowery|[,]|Tue Nov 16 21:25:31 +0000 2021|Ay no, nunca hab√≠a investigado el por qu√© nos llamamos Karen lxs cuidadorxs de gatitxs. Si quieren llorar, h√°ganlo,‚Ä¶ https://t.co/Fhit05yl08
@danava50|[,]|Tue Nov 16 21:25:43 +0000 2021|#Tenemosquehablar üòéüòú #humor https://t.co/Zhlf0YHTxm
@alexaguilar06|[,]|Tue Nov 16 21:25:44 +0000 2021|@marco_ramos72 @obititlan @MElenaPerezJaen Y dime que sientes tu ??
@lalictoxica|[19.43059123, -99.16344084]|Tue Nov 16 21:25:46 +0000 2021|ü§ç #defe #cdmxüá≤üáΩ en Hotel Carlota https://t.co/6iDy3WtIk3
@enconcreto|[,]|Tue Nov 16 21:25:46 +0000 2021|üèÜ ¬°Felicidades Pedro Fern√°ndez, Director de @ampinacional!   Por obtener el galard√≥n de los  #PremiosL√≠deres como m‚Ä¶ https://t.co/lrNhLapMYz
@AylinOficialXXX|[,]|Tue Nov 16 21:25:47 +0000 2021|@vergu21 Tr√≠o!!! üòçü§§üòà
@mariana_crcs|[,]|Tue Nov 16 21:25:49 +0000 2021|Alaaaaaaa, lo so√±eeeee
@Almeja554|[,]|Tue Nov 16 21:25:58 +0000 2021|Pues el sem√°foro se "pega", Minimo 2 veces por semana,  haceo 15 minutos se pego de nuevo, afortunadamente ya se "d‚Ä¶ https://t.co/SIUz9Earwt
@fasosamaldonado|[,]|Tue Nov 16 21:26:31 +0000 2021|El Edo mex Volver√° a ganar y Aplastar la Maestra Delfina G√≥mez
@teruhlynnn|[,]|Tue Nov 16 21:26:41 +0000 2021|The feminine urge to book another trip while I‚Äôm already on a trip.
@Yair_1089|[,]|Tue Nov 16 21:26:53 +0000 2021|Ayuda! Veo borroso del esfuerzo en el gimnasio
@AGNOJUL|[,]|Tue Nov 16 21:27:03 +0000 2021|@Gommber Por cierto muy trillado, fuera de √©poca, no 3xisyen ideas originales, siempre lo mismo, hueva mil.
@teruhlynnn|[,]|Tue Nov 16 21:27:08 +0000 2021|My Covid test came back negative. See you tomorrow America!
@Alfie_soul|[,]|Tue Nov 16 21:27:11 +0000 2021|Ya tengo un proyecto m√°s üòé
@Francis18101406|[,]|Tue Nov 16 21:27:18 +0000 2021|@WalmartMexico Me la comer√≠a.
@BEBOYBELA|[,]|Tue Nov 16 21:27:39 +0000 2021|https://t.co/DYArDKliwQ  WHATSAPP
@plcs82|[,]|Tue Nov 16 21:27:40 +0000 2021|@MD79DM Yo te invito, si lo deseas üôè
@MichelYz1988|[,]|Tue Nov 16 21:27:59 +0000 2021|@CitlaHM Las declaraciones de √©ste individuo son dif√≠ciles de creer en √©stos tiempos pero muy reales y a√∫n palpable‚Ä¶ https://t.co/AT3mxyuj6o
@soypsicopositiv|[,]|Tue Nov 16 21:28:17 +0000 2021|@NeoGabox Pagar la suscripci√≥n de only fans de al menos 3 weyes. Jajajajjajajaa
@bunnyserpentina|[,]|Tue Nov 16 21:28:19 +0000 2021|Agradezco a la vida por todos los hermanos que me ha dado‚Ä¶                    üåüde lecheüåü
@bettodcora|[,]|Tue Nov 16 21:28:20 +0000 2021|Paso!!! Jajaja
@SoniaCristinaLV|[,]|Tue Nov 16 21:28:28 +0000 2021|¬°Qu√© bien estuvo @FerminRiveraA en #Pachuca! Y qu√© pena que el p√∫blico ni se enter√≥.
@acheglez|[19.43492155, -99.14136124]|Tue Nov 16 21:28:41 +0000 2021|De una reuni√≥n a otra. en Palacio de Bellas Artes https://t.co/EDoTVc4gjh
@omarcuateta1|[19.4133827, -98.12015458]|Tue Nov 16 21:28:49 +0000 2021|Acaba de publicar una foto en El Payo Cocina de Mar https://t.co/owV3REBIz3
@SVIIsol|[,]|Tue Nov 16 21:28:53 +0000 2021|@Mzavalagc Acto degradante, verte con el Presidente de Iberdrola junto con tu marido delincuente, comportandose com‚Ä¶ https://t.co/0qgZAgTtw1
@Padre_Kino1|[,]|Tue Nov 16 21:29:19 +0000 2021|As√≠ lo imagino compare @Hermanosol3 en su nave dando un rol en el barrio y echando caguamas. https://t.co/Gc79wWb2HB
@aleundercontrol|[,]|Tue Nov 16 21:29:29 +0000 2021|Este nct 2021 es s√∫per agridulce difinitivamnete nct 2020 ser√° mi fav hasta ahora. Si voy a disfrutar mucho el de e‚Ä¶ https://t.co/oT5WlUHUje
@sirenatranny|[,]|Tue Nov 16 21:29:35 +0000 2021|Te EXTRA√ëO tanto ! Que beso el aire que va al Sur, que es el que t√∫ est√°s respirando ‚ò∫Ô∏è https://t.co/OYV2IfmwWx
@luceislas|[,]|Tue Nov 16 21:29:35 +0000 2021|buenas tardes https://t.co/cjR8jf1acH
@emmanuelcastanr|[19.4346042, -99.14346944]|Tue Nov 16 21:29:41 +0000 2021|684-3653 Este mi√©rcoles estrenamos cap√≠tulo. en Alameda Central Bellas Artes https://t.co/fSyjFaglxV
@soypsicopositiv|[,]|Tue Nov 16 21:29:43 +0000 2021|@NeoGabox Ah perd√≥n. Pens√© que 50 usd jajajaja no pues mejor devu√©lvelos a RH. Jjajaj
@roypena30|[,]|Tue Nov 16 21:29:46 +0000 2021|@revistaetcetera Desde que fue a la ONU, tal parece que su discurso sirvi√≥ para envalentonarse aqu√≠ y ante otras na‚Ä¶ https://t.co/NyXpubKPaU
@dandrestruction|[,]|Tue Nov 16 21:29:52 +0000 2021|@arturoalien8 Amigo, por ah√≠ vi en Facebook que quieren regresar a Aquino a la selecci√≥n, que opina usted a parte d‚Ä¶ https://t.co/Lm6TmBh4nt
@harry_rayo|[,]|Tue Nov 16 21:29:57 +0000 2021|@TELMEXSoluciona Buenas tardes a√∫n sigo sin l√≠nea telef√≥nica üò¢ espero su ayuda gracias https://t.co/BtnxvEYkS8
@bettodcora|[,]|Tue Nov 16 21:30:33 +0000 2021|Buen punto!!!
@fasosamaldonado|[,]|Tue Nov 16 21:30:51 +0000 2021|Edo mex Toluca Nido de Ratas coludas Con jueces y Fiscales A modo para Robar Y dar amparos Notarios ladrones Para c‚Ä¶ https://t.co/GRDRP6MOrd
@ColumnasdeDios|[19.4326, -99.1332]|Tue Nov 16 21:30:54 +0000 2021|Acaba de publicar una foto en Mexico City, Mexico https://t.co/qYWXgvrzyn
@azor01|[,]|Tue Nov 16 21:31:22 +0000 2021|As√≠ la 4t
@chazaro2003|[,]|Tue Nov 16 21:31:32 +0000 2021|@Transito_Vtlane otra ves los trailers bloqueando entrada y salida de Rinconada del Para√≠so https://t.co/PAot9XNnNR
@andyfagp|[19.4326, -99.1332]|Tue Nov 16 21:31:32 +0000 2021|Gracias a todos por hacer su d√≠a S√öPER ESPECIAL, estuvo muy FELIZ!!! en Mexico City, Mexico https://t.co/N4hb3G7q2M
@Francis18101406|[,]|Tue Nov 16 21:31:52 +0000 2021|@AlexVillalvazo7 Que mal viviente, perd√≥n militante de mugrena no es un saltamontes?
@Martha0467|[,]|Tue Nov 16 21:31:55 +0000 2021|@MetroCDMX tiro por viaje cerrada la estaci√≥n (16 nov 2021) https://t.co/bZg23l4fM9
@mikejuventus5|[,]|Tue Nov 16 21:32:03 +0000 2021|@GarbiMuguruza @paulabadosa felicidades ambas por este gran partido siempre es una desgracia al tener una ganadora‚Ä¶ https://t.co/aSniDETNq3
@lehijueputx|[,]|Tue Nov 16 21:32:12 +0000 2021|@axbyc00 üòçüòçüòç
@Vick_Locutor_FM|[19.4326, -99.1332]|Tue Nov 16 21:32:27 +0000 2021|En @exponeza , presentando la pasarela de #Vestidos @luis_velazquez_santana santana #VickAguilarLocutorüéôÔ∏è en Mexico‚Ä¶ https://t.co/9ZJ8CDwGhY
@d_caezar|[,]|Tue Nov 16 21:32:32 +0000 2021|@Unidosxmexi Es un coyote barato de esos que andan afuera de las juntas de conciliaci√≥n
@lehijueputx|[,]|Tue Nov 16 21:33:01 +0000 2021|Hay rumores de todo lado menos de M√©xico no puede ser üò≠üò≠üò≠
@LuciadeRivero15|[,]|Tue Nov 16 21:33:33 +0000 2021|@Sextepehua Intocable
@MichelYz1988|[,]|Tue Nov 16 21:33:39 +0000 2021|@CiroMurayamaINE @INEMexico La ratificaci√≥n es un elemento impl√≠cito. Si la pregunta es: Deseas que el presidente d‚Ä¶ https://t.co/b1fxC3bt5P
@Lezty_Marie|[,]|Tue Nov 16 21:33:41 +0000 2021|@Hogwartssite Jajajaja ü§£ü§£
@aleundercontrol|[,]|Tue Nov 16 21:33:42 +0000 2021|Este nct 2021 es s√∫per agridulce definitivamente  nct 2020 ser√° mi fav hasta ahora. Si voy a disfrutar mucho el de‚Ä¶ https://t.co/Hk4u9tMlLS
@Jona_Herralma|[,]|Tue Nov 16 21:34:00 +0000 2021|@bto_am @claroshop_com @Claroshopmx Yo as√≠ jajajaja https://t.co/cFFBnMPVq5
@geo_wa|[,]|Tue Nov 16 21:34:08 +0000 2021|Prefiero el fr√≠o, se quita con el que hacer de la casa. El calor no se quita con nada.
@quecasacomprar|[,]|Tue Nov 16 21:34:21 +0000 2021|¬øSab√≠as que... la  La¬†DOM√≥tica¬†es el conjunto de tecnolog√≠as aplicadas al control y la automatizaci√≥n inteligente d‚Ä¶ https://t.co/iIxcBKrz7B
@aleundercontrol|[,]|Tue Nov 16 21:35:03 +0000 2021|Este nct 2021 es s√∫per agridulce definitivamente nct 2020 ser√° mi fav hasta ahora. S√≠ voy a disfrutar mucho del de‚Ä¶ https://t.co/KfNrZ9kSxH
@Sinner_xxx|[,]|Tue Nov 16 21:35:04 +0000 2021|@8424fmf Huy que rico
@yeeiiicoffee2|[,]|Tue Nov 16 21:35:07 +0000 2021|@kelsy_gore Jeje vieras que me pongo pero bien inchadooo jeje https://t.co/QAosTtlLad
@Wavel|[19.42264615, -99.0804873]|Tue Nov 16 21:35:12 +0000 2021|I'm at Aeromexico vuelo AM 936 in Mexico City, Distrito Federal https://t.co/fChAi1sQs7
@Padre_Kino1|[,]|Tue Nov 16 21:35:13 +0000 2021|@MinaMarysolPA Are you going to invite the tlayudas??üòÇüòÇüòÇüòÇ
@RodolfoMHidalg1|[,]|Tue Nov 16 21:35:19 +0000 2021|Suscribo y act√∫o en consecuencia... https://t.co/PCbOd6hwKh
@Sinner_xxx|[,]|Tue Nov 16 21:35:25 +0000 2021|@Gerardo53810309 Se ve riiiiicoooo!!!!
@altonet2009|[19.4326, -99.1332]|Tue Nov 16 21:35:27 +0000 2021|Un Relax en Mexico City, Mexico https://t.co/jdRbxgxxkL
@BetzJos1|[,]|Tue Nov 16 21:35:54 +0000 2021|@Gordis32645018 Hermosa
@teruhlynnn|[,]|Tue Nov 16 21:36:10 +0000 2021|So I‚Äôm sitting at this restaurant in the window and it‚Äôs attracting wayyyyyyyy tooooo much attention lmmmaaaooo
@fasosamaldonado|[,]|Tue Nov 16 21:36:11 +0000 2021|M√©xicanos unidos Hay mucho EPNdejo que ve Televisa y Azteca Los mercados Los tianguistas Ardidos por su PRI
@LaloGonzalezM|[,]|Tue Nov 16 21:36:14 +0000 2021|‚ù§Ô∏è La Navidad en casa de mi abuelita üëµüèº https://t.co/D5QXljMEzN
@seyer420_r|[,]|Tue Nov 16 21:36:32 +0000 2021|@Pervert_Man_ @dondrama11 Ya hace falta otros videos no?
@andresrpe|[,]|Tue Nov 16 21:36:44 +0000 2021|Por cierto, mucho √©xito a @miseleccionmx. La afici√≥n mexicana llega a apoyarlos hasta el norte del continente.
@seyer420_r|[,]|Tue Nov 16 21:37:05 +0000 2021|@SoyTuMuneco @dondrama11 Y tan rico que te la comes  Toda tuya
@Sinner_xxx|[,]|Tue Nov 16 21:37:20 +0000 2021|@Complices2022 Me encantar√≠a, pero a√∫n no tengo ese honor y privilegio
@SoyElPando|[,]|Tue Nov 16 21:37:29 +0000 2021|Vine a comer en lo que hago tiempo de ver a un cliente y me comenta la mesera: ‚ÄúPero eso cuesta 70‚Äù‚Ä¶ Gooooeeeey!!!‚Ä¶ https://t.co/scTTXtbfOU
@AlbertoMorgado|[,]|Tue Nov 16 21:37:31 +0000 2021|Mira @Coppel #Coppel te voy a pedir de favor que dejes de enviar a tu gente a amenazar con tus avisos de‚Ä¶ https://t.co/X8QJuWXMRb
@rodolfonoyola|[19.4326, -99.1332]|Tue Nov 16 21:37:33 +0000 2021|Campa√±a para Regio  #campa√±a#advertising #regio #noyolafotografo #publicidad #rodolfonoyola #modelo #kids#ni√±os‚Ä¶ https://t.co/R4CqzWlMYZ
@ManagerGiftShop|[,]|Tue Nov 16 21:37:34 +0000 2021|@Teacher1Rosy Son de esas cosas que uno ama.
@tonygloster|[,]|Tue Nov 16 21:37:38 +0000 2021|#vivaMexico #GORUCK #RuckClub #SquadGoals #AirportRuck https://t.co/JxTZkAS0MS
@godisagay_13|[19.41944444, -99.14555556]|Tue Nov 16 21:37:40 +0000 2021|Ic√≥nicos los hermanos Grande. #frankiegrande #arianagrande #rem en CDMX https://t.co/2f5xUqDlNz
@DaniiChocolatl|[,]|Tue Nov 16 21:37:48 +0000 2021|Me acaba de dejar mi novio en mi casa despu√©s de 4 d√≠as de estar juntos y ya lo extra√±o üò≠üò≠  Siento un nudo en mi garganta bien feo üò≠üò≠
@jmendez____|[,]|Tue Nov 16 21:37:49 +0000 2021|Guardo mis comentarios, solo porque no es mi proyecto. ü§ê
@Kornrra|[,]|Tue Nov 16 21:38:26 +0000 2021|@BettyAn45948192 @La_Tacita @NachinRivera No necesitas estas drogadx para hacer pendejadas ü§∑üèª‚Äç‚ôÇÔ∏è
@jrgwho|[,]|Tue Nov 16 21:38:36 +0000 2021|https://t.co/nCcRgjttht
@ManagerGiftShop|[,]|Tue Nov 16 21:38:36 +0000 2021|@faisirrito Y nosotros respondemos https://t.co/5YDVaihRjC
@DrParvovirusB19|[,]|Tue Nov 16 21:38:37 +0000 2021|@montserrat_st Que padrisimo bebe, me encanta el hecho de que te estes preparando y ayudando a tantisimas personas, eres pura luz üè≥Ô∏è‚Äç‚ößÔ∏èüíï
@EmanuelCon2M|[,]|Tue Nov 16 21:38:37 +0000 2021|Perro oso.   El presidente de mi amiga @julioardiaz
@Padre_Kino1|[,]|Tue Nov 16 21:38:38 +0000 2021|@JCMunguiaA92 @140Autobuses @TelediarioGDL Pero les gusta ir vueltos la madre en  √©sos pinches carritos y ahora??.L‚Ä¶ https://t.co/D2FWhcHlIK
@jmejia_alvarez|[,]|Tue Nov 16 21:38:44 +0000 2021|üíö #TAOD
@ale_posho|[,]|Tue Nov 16 21:38:56 +0000 2021|Words to live by. https://t.co/WBbckOsFlq
@Almeja554|[,]|Tue Nov 16 21:38:59 +0000 2021|Ya esta pegado otrea vez
@rmirandajr|[,]|Tue Nov 16 21:39:01 +0000 2021|@ESPNtenis @NickKyrgios √ëaaaa √±aaaa √±aaa  llorando de nuevo!!
@DiegoGo42435020|[,]|Tue Nov 16 21:39:03 +0000 2021|Se busco macho verg√≥n para este culote üòèü§§ https://t.co/rn31MsqrDg
@AlbertoMorgado|[,]|Tue Nov 16 21:39:40 +0000 2021|Si todo lo que gastan en cobranza lo invirtieron en referenciaci√≥n, los creditos ser√≠an m√°s econ√≥micos y podr√≠an a‚Ä¶ https://t.co/iy3qHZRHsK
@FershArana|[,]|Tue Nov 16 21:39:44 +0000 2021|ü•µü•µü•µ https://t.co/X2HPsErMj9
@BetzJos1|[,]|Tue Nov 16 21:39:54 +0000 2021|@Gordis32645018 Divino cuerpo
@Eduardo41033665|[,]|Tue Nov 16 21:40:06 +0000 2021|@Dalyhotie @luisher81775769 Les recomiendo @SecretoDeLaPina  se la pasar√°n super rico y en confianza
@alexlopezguz|[,]|Tue Nov 16 21:40:06 +0000 2021|Nunca esta abierta la puta estaci√≥n del Z√≥calo üôÑ puto @MetroCDMX
@mikejuventus5|[,]|Tue Nov 16 21:40:13 +0000 2021|@JRMarCruz Saludos https://t.co/Y4Agu1gpc4
@fasosamaldonado|[,]|Tue Nov 16 21:40:23 +0000 2021|Los KU leros Ser√°n KU leros Con y sin informaci√≥n
@ElFede_Alassia|[,]|Tue Nov 16 21:40:23 +0000 2021|@ljcacciatore @Oberst_Moncha @Santiox25 @alfrenaitin86 @losebal @nicolasi__g @Nacho_LS @majogrillo @eloisaballivian‚Ä¶ https://t.co/5m9xi9WbvR
@DiegoFT17|[,]|Tue Nov 16 21:40:33 +0000 2021|üììüìùüëÄ Este es un libro diferente, debido a que no pertenece al g√©nero literario de la narraci√≥n, sino que es, en pala‚Ä¶ https://t.co/gzYbyMz5aW
@Padre_Kino1|[,]|Tue Nov 16 21:40:59 +0000 2021|Pues si te alcanza porqu√© @frlss las tiene muy secas c√≥mo pasas.
@Arm4nd0Arr14g4|[,]|Tue Nov 16 21:41:34 +0000 2021|@NashBaptiste https://t.co/3GWCl9rPX8
@DiegoFT17|[,]|Tue Nov 16 21:41:36 +0000 2021|üììüìùüëÄ "Existir es de nacos" de Carlos Dzul "ChangosPerros" (@changosperros): Lectura terminada. üëÄüìùüìì
@azor01|[,]|Tue Nov 16 21:41:56 +0000 2021|Un bello evento.
@NabilaBurr|[,]|Tue Nov 16 21:41:57 +0000 2021|No mamen quiero el Heart Knit Sweater de Lirika Matoshi üò≠üò≠üò≠üò≠
@carlosdiaz_di|[,]|Tue Nov 16 21:41:58 +0000 2021|@taliawegman Siii desde que abrieron la campa√±a de vacunaci√≥n estamos ya vacunadosüá≤üáΩü§üüèªüëèüèªüôåüèª
@yodagreenemd|[,]|Tue Nov 16 21:42:34 +0000 2021|Ya no necesitar√≠a trabajar jajajaja üòÇüëáüèº
@gestosierra|[,]|Tue Nov 16 21:42:43 +0000 2021|@Jkiddjkidd https://t.co/0HWHM4NkpZ
@geo_wa|[,]|Tue Nov 16 21:42:44 +0000 2021|https://t.co/zvoxZ4XivF
@fasosamaldonado|[,]|Tue Nov 16 21:42:44 +0000 2021|Eugenio Derbez Por favor NO  Regreses Qu√©date all√° Mierda chayotera
@tomsancue|[,]|Tue Nov 16 21:42:47 +0000 2021|El baj√≥n que te rechazen algo que estabas esperando es fatal
@BrisEscobar|[,]|Tue Nov 16 21:42:51 +0000 2021|https://t.co/PUjkCVbG6I
@leyv_angel|[,]|Tue Nov 16 21:43:02 +0000 2021|Jajajajajajaja  Y M√©xico cuando nacionaliza tambi√©n a once millones de norteamericanos  Hay que traer norteamerican‚Ä¶ https://t.co/HSJTEpF6tK
@EstefanaRodrgu9|[,]|Tue Nov 16 21:43:15 +0000 2021|M√©xico üá≤üáΩ tiene 471 animales y plantas, catalogados como especies en peligro de extinci√≥n. Si no actuamos hoy, ma√±a‚Ä¶ https://t.co/YlnAW1IkHt
@JaimeRicardoG10|[,]|Tue Nov 16 21:43:33 +0000 2021|@XochitlGalvez @Tu_IMSS @FGRMexico Vieja Payasa...
@YimiCid|[,]|Tue Nov 16 21:44:06 +0000 2021|@LiborioVidal @MariesterAlonzo @JJCanulP @eLiasLixa @CeciliaPatronL @DulceSauri  üôÑüôÑ No puedo creer que hayan votado‚Ä¶ https://t.co/q8bxRfQ0pl
@bunnyserpentina|[,]|Tue Nov 16 21:44:09 +0000 2021|@DrSleep88 esta haciendo audiciones https://t.co/gZKlpiY4O8
@MARFECA_HIDALGO|[,]|Tue Nov 16 21:44:12 +0000 2021|‚ö°Ô∏è #Hidalgo | @juliomenchaca_ asegura que Consejo Nacional de @PartidoMorenaMx definir√° candidaturas   Aqu√≠ la info‚Ä¶ https://t.co/p5Pmi2a9gN
@LuciadeRivero15|[,]|Tue Nov 16 21:44:16 +0000 2021|@MissRavenPliss Jajaja wey üòÜüòÜüòÜüòÜ https://t.co/FrEp090IZY
@MapaxPrieto|[,]|Tue Nov 16 21:44:22 +0000 2021|@fernandeznorona @lopezobrador_ No te lo vas a coger.
@LithiumPodcast|[,]|Tue Nov 16 21:44:22 +0000 2021|@GambinoMatty @jmath29 @sdmoores @benchmarkmin @li_cycle @neometalsltd I'm skeptically open minded. Demanufacuring‚Ä¶ https://t.co/zI0FUHmJpE
@daniel_vh19|[,]|Tue Nov 16 21:44:23 +0000 2021|@ppe_car a el si le perdonamos que no vaya bien arreglado no?
@leonardoflopez|[,]|Tue Nov 16 21:44:27 +0000 2021|@Dra_SazMD Woooooooooow qu√© chido tienes el cabello. SalU2 https://t.co/fegRROEBTB
@JaimeRicardoG10|[,]|Tue Nov 16 21:44:29 +0000 2021|@ferbelaunzaran ‚úä‚úä‚úä‚úä
@yancolozano|[,]|Tue Nov 16 21:44:33 +0000 2021|Aqu√≠ sigo, en el Pleno de la Congreso de la Ciudad, en donde recibimos el 3er informe por parte de la Titular de la‚Ä¶ https://t.co/I5N2eTdLUC
@Franciscodiazfa|[,]|Tue Nov 16 21:44:37 +0000 2021|@ANGELINO1958 Y usted cree q la gasolina deoende del actual gobernador???
@yodagreenemd|[,]|Tue Nov 16 21:44:42 +0000 2021|@ferlmm Dicen que quien se enoja pierde‚Ä¶ pero este no ser√≠a el caso jajaja
@teruhlynnn|[,]|Tue Nov 16 21:44:52 +0000 2021|The feminine urge to use the masculine version of everything bc you don‚Äôt remember how to conjugate in Spanish hahah
@efemeridestoday|[,]|Tue Nov 16 21:44:56 +0000 2021|Un d√≠a como hoy #16noviembre 2001, fue el estreno en Estados Unidos de la pel√≠cula Harry Potter y la piedra filosof‚Ä¶ https://t.co/LqysPlivsT
@nadyuzk|[,]|Tue Nov 16 21:45:00 +0000 2021|@AlasdeCatarinas Ser√≠a mi casa ideal
@JaimeRicardoG10|[,]|Tue Nov 16 21:45:16 +0000 2021|@BONOelChairo ‚úã yo.
@BrisEscobar|[,]|Tue Nov 16 21:45:19 +0000 2021|https://t.co/X8qwKLqyzV
@jos_naruto_RKO|[,]|Tue Nov 16 21:45:56 +0000 2021|@Gaspar_Sparco @Chivas Y ya veo si me alegro o me emputo con el equipo todav√≠a m√°s
@jame_120187|[19.42861928, -99.16170484]|Tue Nov 16 21:45:57 +0000 2021|#retailtherapy (at @Reforma_222 in Mexico City, DF, DF) https://t.co/McNb8wZqhk
@fasosamaldonado|[,]|Tue Nov 16 21:45:58 +0000 2021|Azucena..le arde hasta El Kuuu Chayotera de mierda
@teruhlynnn|[,]|Tue Nov 16 21:46:23 +0000 2021|It‚Äôs interesting how the solo traveler trips are all over the place! All that I‚Äôve learned from other solo traveler‚Ä¶ https://t.co/fXyV6KDLl9
@drekcito|[,]|Tue Nov 16 21:46:47 +0000 2021|@ElZorro60617323 Pues si tienen una relaci√≥n toda aburrida y as√≠,  s√≠!
@laconeo|[,]|Tue Nov 16 21:46:55 +0000 2021|@jaimeor96 Que lo suspendan sh√°!! ü§£
@jmejia_alvarez|[,]|Tue Nov 16 21:47:32 +0000 2021|Es un gran orgullo y honor colaborar con la Mtra.@GabyParedesO1, reconozco y admiro su profesionalismo y esp√≠ritu d‚Ä¶ https://t.co/tr9zJQhph5
@ricardoshab|[,]|Tue Nov 16 21:47:49 +0000 2021|Odio a los que se apellidan Jauregui. ‚úåüòæ
@jos_naruto_RKO|[,]|Tue Nov 16 21:47:54 +0000 2021|@Gaspar_Sparco @Adrian181293 @Chivas Donde bro, yo no lo vi y llevo buen rato checando t√∫s respuestas y nuevos tweets
@yancolozano|[,]|Tue Nov 16 21:47:54 +0000 2021|Aqu√≠ sigo, en el Pleno de la Congreso de la Ciudad, en donde recibimos el 3er informe por parte de la Titular de la‚Ä¶ https://t.co/IJdto5fovx
@nadyuzk|[,]|Tue Nov 16 21:48:00 +0000 2021|Dorm√≠ en el sof√° cama porque es lugar favorito, y descanse taaaaaaaaan bien, pensando en mudarme a la sala.
@fasosamaldonado|[,]|Tue Nov 16 21:48:07 +0000 2021|Pura gente del Sr Enrique Alfaro Gobierna al estilo Guanajuato Su propio Cartel Para meter miedo Y chayote para Dif‚Ä¶ https://t.co/WVuGnheeyc
@lehijueputx|[,]|Tue Nov 16 21:48:15 +0000 2021|Estoy buscando novio para celebrar D√≠a de Velitas. Informes y pantallazo de los tiquetes comprados al DM.
@aliz_ss|[,]|Tue Nov 16 21:48:16 +0000 2021|La #CDMX se pinta de rojo ‚ù§Ô∏è https://t.co/r4ZTOFxIuZ
@ricardoshab|[,]|Tue Nov 16 21:48:22 +0000 2021|@Shakeit_Kristof Caen mal jaja ü§£
@LithiumPodcast|[,]|Tue Nov 16 21:48:25 +0000 2021|@NicSaldias That shop has too many varieties of milk.
@jmejia_alvarez|[,]|Tue Nov 16 21:48:26 +0000 2021|üëè‚ò∫Ô∏èüíö
@nadyuzk|[,]|Tue Nov 16 21:48:31 +0000 2021|Tengo estas mismas ganas. Pero tengo gustos caros y debo trabajar
@CMademoiselle|[19.4326, -99.1332]|Tue Nov 16 21:48:31 +0000 2021|üêõ  A lagarta n√£o precisa  de um milagre... para virar borboleta! ü¶ã  Ela precisa de um processo! ‚úç N√£o fuja dos seus‚Ä¶ https://t.co/8qWyp3aAmN
@Sandmandresito|[19.41578524, -99.16513733]|Tue Nov 16 21:48:38 +0000 2021|No se puede vivir sin aguacate üòãüòãüòã #ricoysaludable #aguacate #dietasaludable #dieta #yanoseregordito #rico‚Ä¶ https://t.co/RZrQIDXOac
@Sinner_xxx|[,]|Tue Nov 16 21:48:49 +0000 2021|@8424fmf Ser√≠a algo fabuloso
@yancolozano|[,]|Tue Nov 16 21:48:50 +0000 2021|Aqu√≠ sigo, en el Pleno del Congreso de la Ciudad, en donde recibimos el 3er informe por parte de la Titular de la‚Ä¶ https://t.co/nkeyN3zf46
@nadyuzk|[,]|Tue Nov 16 21:49:07 +0000 2021|Jajajajajajajaja mi vacaci√≥n en junio
@LithiumPodcast|[,]|Tue Nov 16 21:49:17 +0000 2021|@NicSaldias Correction - about half of it is Silk. That shop has too many varieties of soy milk.
@serch_herrera|[,]|Tue Nov 16 21:49:32 +0000 2021|7p7p Pl
@peter_music09|[,]|Tue Nov 16 21:49:42 +0000 2021|@Mzavalagc M√≠renla tan hip√≥crita y tan olvidadiza. A M√©xico no se le olvida el dolor vivido en el sexenio de su marido y usted es c√≥mplice.
@juliomorales|[,]|Tue Nov 16 21:50:09 +0000 2021|En un lapso de 20 d√≠as murieron dos michis de personas conocidas, en circunstancias extra√±as
@LithiumPodcast|[,]|Tue Nov 16 21:50:21 +0000 2021|@BenjaminAhr Then how would they have enough money to send wealthy men to space for fun, Ben?
@JuanMan38677530|[,]|Tue Nov 16 21:50:27 +0000 2021|@adrypdrom Wuau que delicia de esposa üòã
@ROSALBA_PLATA_S|[,]|Tue Nov 16 21:50:38 +0000 2021|ü§£ü§£ü§£ https://t.co/uoX8qzEB2d
@Rebeca69xxx|[,]|Tue Nov 16 21:50:48 +0000 2021|@Brenda59292089 https://t.co/XkObDLKPQf
@TuWueritoRico|[,]|Tue Nov 16 21:50:52 +0000 2021|Exquitez total üòàüî•ü•µ
@fasosamaldonado|[,]|Tue Nov 16 21:51:01 +0000 2021|Un piquete a Pedro Ferriz Si asistes Pagar√° 500 d√≥lares
@Cristina_Coach|[,]|Tue Nov 16 21:51:02 +0000 2021|@ALBERTOOSEGUERA Usted lo compara con Cristo Eso va m√°s all√° de cualquier argumento
@almademin|[19.43372622, -99.08465942]|Tue Nov 16 21:51:04 +0000 2021|Just posted a photo @ Canc√∫n y Riviera Maya https://t.co/2nKMv7AYkt
@Morocha_Sex7|[,]|Tue Nov 16 21:51:04 +0000 2021|@sirenatranny √âxito hermana ‚ù§
@Karenviveroses1|[,]|Tue Nov 16 21:51:14 +0000 2021|@BereMirelees Subelaaaaaaa
@Tremendo69latas|[,]|Tue Nov 16 21:51:15 +0000 2021|@Ia___beIlezza Jajaja  pobre coko te ven te tratan dicen.  Clasista y racista.
@luis_palacios27|[,]|Tue Nov 16 21:51:35 +0000 2021|@LaVillegas1 Saludos Claudia !
@bunnyserpentina|[,]|Tue Nov 16 21:52:05 +0000 2021|@Tonninho_ @DrSleep88 Si lo ves nom√°s le pitas el claxon https://t.co/ddVR02ctkB
@capocristof3|[,]|Tue Nov 16 21:52:28 +0000 2021|@CesarSisley19 Inv√≠ten
@Cristina_Coach|[,]|Tue Nov 16 21:52:29 +0000 2021|@ALBERTOOSEGUERA Ese no lo rechazaron? Mire que interesante  Hay que seguir la tonada
@mimoso_auriazul|[,]|Tue Nov 16 21:52:32 +0000 2021|Se que les vale verga, pero como es mi cuenta, yo hago lo que quiera jajajajajajaja
@bettodcora|[,]|Tue Nov 16 21:52:54 +0000 2021|Cuanta raz√≥n!!
@Saiyajin90|[,]|Tue Nov 16 21:52:56 +0000 2021|@yeux_charlie Que rico te mueves
@mimoso_auriazul|[,]|Tue Nov 16 21:53:07 +0000 2021|El 1% por favor ü§£ü§£ü§£ü§£
@fasosamaldonado|[,]|Tue Nov 16 21:53:33 +0000 2021|Su vieja de Santiago Nieto Ya les dijo....que Ten√≠an que Ampararse o largarse
@Roarix|[,]|Tue Nov 16 21:53:37 +0000 2021|Si alguien les escribe/llama en estado de ebriedad, valoren eso. Significa que realmente les aprecia (u odia). Buen‚Ä¶ https://t.co/qHrjLTddj7
@gutimxxx|[,]|Tue Nov 16 21:53:41 +0000 2021|ü•¥ https://t.co/peLqJWvyXp
@DiegoEscarraman|[,]|Tue Nov 16 21:53:52 +0000 2021|@leonc3 https://t.co/qO9oza2bIb
@Cristina_Coach|[,]|Tue Nov 16 21:54:37 +0000 2021|@ALBERTOOSEGUERA "Seg√∫n el c√≥mputo final del IFE, Pe√±a Nieto obtuvo 19.226.784 votos (38,21%); L√≥pez Obrador 15.896‚Ä¶ https://t.co/4jDfuRxXRZ
@bettodcora|[,]|Tue Nov 16 21:54:39 +0000 2021|@deniseramosm Have a nice day beutiful girl!
@feisless|[,]|Tue Nov 16 21:54:43 +0000 2021|@wasername No digas, el mezcal ni gestos üòÇüòÇüòÇ
@letizziagZ|[,]|Tue Nov 16 21:54:52 +0000 2021|@SalooMonster7 @ricardo_cid @ClubPueblaMX No‚Ä¶ üëãüèª  Jajaja, es broma!
@oscareph|[,]|Tue Nov 16 21:54:58 +0000 2021|@EZERMENO10 @ARSAL_es @MagdaGraciasFCH @JMVivancoHRW @INEMexico @lorenzocordovav @MexLibre_ @CiroMurayamaINE Estima‚Ä¶ https://t.co/MmS40kxEV9
@sirenatranny|[,]|Tue Nov 16 21:55:04 +0000 2021|@Morocha_Sex7 Gracias mi Giss ‚ù§Ô∏è
@nelfloress|[,]|Tue Nov 16 21:55:08 +0000 2021|Hoy, en clase, s√≠ siento que le estoy hablando a la nada. Ya por fi hay que volver a los planteles.
@ElFede_Alassia|[,]|Tue Nov 16 21:55:11 +0000 2021|@croatarevivida @blasullua Bueno, pasen sus fb que es el recordatorio que uso para los cumple (?
@dominiqk_gezzy|[,]|Tue Nov 16 21:55:41 +0000 2021|‚ôïÔ∏é‚ôïÔ∏é ·¥Ñ ú·¥ú·¥ò·¥Ä ô ü·¥á, ·¥ç·¥Ä·¥ç·¥Ä ô ü·¥á  ú·¥Äs·¥õ·¥Ä ·¥á ü ·¥ò·¥Ä ü…™·¥õ·¥è ·¥ç·¥Äs·¥õ…™·¥Ñ·¥Ä ô ü·¥á , ·¥Ä·¥ò·¥è·¥Ñ·¥è …¥·¥è ?? ‚ôïÔ∏é‚ôïÔ∏é  ·¥ç·¥Ä…¥·¥Ö·¥á…¥ ·¥Ö·¥ç ‚ù§Ô∏è https://t.co/5fx3MvRi0T
@SergioR38688804|[,]|Tue Nov 16 21:55:59 +0000 2021|@AbbyBencor @Soylizbethmx Puedo ver?üôãüèª‚Äç‚ôÇÔ∏è
@veera_gr21|[,]|Tue Nov 16 21:56:06 +0000 2021|Short love story https://t.co/CvCOT9FsMb
@Teresita_Fernn|[,]|Tue Nov 16 21:56:18 +0000 2021|Buenas tardes ‚òÄÔ∏è https://t.co/pV8oH9wbez
@SoyCharlyDiaz|[19.4326, -99.1332]|Tue Nov 16 21:56:20 +0000 2021|Acaba de publicar un video en Mexico City, Mexico https://t.co/GcBk70Z61R
@I190991|[,]|Tue Nov 16 21:56:29 +0000 2021|@LuisFonsi Mucho √©xito Fonsi ‚ù§Ô∏è p√°satela s√∫per
